date,opportunity_id,product_area,active_accounts,pricing_recommendations,adoption_rate,override_rate,explainability_open_rate,approval_latency_hours,manual_export_count,data_freshness_score
2026-01-01,OPP-001,Lease and renewal pricing,47,371,0.6,0.274,0.617,21.1,6,0.974
2026-01-01,OPP-002,Public market intelligence,44,298,0.544,0.21,0.408,27.8,19,0.99
2026-01-01,OPP-003,Amenities and specials,55,194,0.568,0.189,0.474,24.1,8,0.886
2026-01-01,OPP-004,Amenities and specials,37,308,0.438,0.277,0.411,22.1,9,0.848
2026-01-01,OPP-005,Reporting,65,287,0.505,0.2,0.696,34.1,36,0.863
2026-01-01,OPP-006,Implementation readiness,67,490,0.509,0.303,0.877,35.7,16,0.903
2026-01-01,OPP-007,Security and privacy,31,214,0.472,0.329,0.563,34.5,7,0.89
2026-01-01,OPP-008,AI insights,67,356,0.624,0.132,0.466,31.4,32,0.877
2026-01-02,OPP-001,Lease and renewal pricing,53,118,0.696,0.255,0.525,32.9,4,0.97
2026-01-02,OPP-002,Public market intelligence,40,153,0.615,0.217,0.675,31.4,33,0.903
2026-01-02,OPP-003,Amenities and specials,66,330,0.585,0.199,0.587,19.7,33,0.914
2026-01-02,OPP-004,Amenities and specials,32,346,0.557,0.287,0.282,46.6,19,0.934
2026-01-02,OPP-005,Reporting,51,466,0.575,0.248,0.397,14.6,11,0.902
2026-01-02,OPP-006,Implementation readiness,25,384,0.558,0.214,0.652,18.0,13,0.924
2026-01-02,OPP-007,Security and privacy,33,174,0.495,0.236,0.654,16.2,38,0.898
2026-01-02,OPP-008,AI insights,39,367,0.491,0.244,0.561,24.3,20,0.858
2026-01-03,OPP-001,Lease and renewal pricing,21,494,0.696,0.276,0.711,35.6,23,0.944
2026-01-03,OPP-002,Public market intelligence,25,471,0.598,0.235,0.582,32.0,15,0.91
2026-01-03,OPP-003,Amenities and specials,32,239,0.562,0.288,0.706,17.2,11,0.954
2026-01-03,OPP-004,Amenities and specials,54,438,0.573,0.224,0.563,25.4,9,0.99
2026-01-03,OPP-005,Reporting,39,274,0.482,0.204,0.675,34.8,4,0.87
2026-01-03,OPP-006,Implementation readiness,66,125,0.555,0.24,0.558,28.0,6,0.816
2026-01-03,OPP-007,Security and privacy,23,361,0.496,0.217,0.607,15.8,15,0.934
2026-01-03,OPP-008,AI insights,42,397,0.527,0.257,0.759,25.0,7,0.801
2026-01-04,OPP-001,Lease and renewal pricing,49,492,0.544,0.215,0.518,27.6,33,0.872
2026-01-04,OPP-002,Public market intelligence,46,335,0.569,0.26,0.493,9.4,24,0.813
2026-01-04,OPP-003,Amenities and specials,44,272,0.596,0.233,0.488,37.9,8,0.82
2026-01-04,OPP-004,Amenities and specials,23,446,0.557,0.219,0.564,19.4,18,0.952
2026-01-04,OPP-005,Reporting,39,456,0.592,0.384,0.778,29.9,32,0.99
2026-01-04,OPP-006,Implementation readiness,59,91,0.586,0.281,0.626,25.5,19,0.882
2026-01-04,OPP-007,Security and privacy,57,439,0.487,0.184,0.639,17.7,16,0.845
2026-01-04,OPP-008,AI insights,34,90,0.622,0.144,0.804,4,31,0.816
2026-01-05,OPP-001,Lease and renewal pricing,51,292,0.586,0.124,0.445,26.3,16,0.898
2026-01-05,OPP-002,Public market intelligence,27,465,0.532,0.092,0.65,29.1,35,0.924
2026-01-05,OPP-003,Amenities and specials,26,227,0.487,0.12,0.559,20.1,33,0.975
2026-01-05,OPP-004,Amenities and specials,68,240,0.636,0.319,0.69,18.7,27,0.86
2026-01-05,OPP-005,Reporting,39,184,0.599,0.217,0.777,14.7,32,0.882
2026-01-05,OPP-006,Implementation readiness,26,287,0.575,0.142,0.357,25.9,19,0.937
2026-01-05,OPP-007,Security and privacy,25,267,0.538,0.173,0.471,47.3,23,0.977
2026-01-05,OPP-008,AI insights,31,154,0.58,0.182,0.511,9.3,31,0.888
2026-01-06,OPP-001,Lease and renewal pricing,31,160,0.644,0.172,0.403,38.2,9,0.93
2026-01-06,OPP-002,Public market intelligence,29,422,0.645,0.247,0.495,26.6,26,0.931
2026-01-06,OPP-003,Amenities and specials,21,211,0.557,0.206,0.557,38.0,9,0.837
2026-01-06,OPP-004,Amenities and specials,65,253,0.553,0.164,0.644,6.9,30,0.945
2026-01-06,OPP-005,Reporting,39,254,0.556,0.241,0.42,12.3,35,0.913
2026-01-06,OPP-006,Implementation readiness,18,519,0.615,0.107,0.261,24.7,18,0.879
2026-01-06,OPP-007,Security and privacy,53,133,0.491,0.126,0.393,34.0,4,0.912
2026-01-06,OPP-008,AI insights,28,159,0.681,0.213,0.479,33.5,24,0.916
2026-01-07,OPP-001,Lease and renewal pricing,32,512,0.602,0.228,0.607,27.0,13,0.907
2026-01-07,OPP-002,Public market intelligence,50,464,0.5,0.196,0.521,26.5,23,0.99
2026-01-07,OPP-003,Amenities and specials,51,516,0.662,0.274,0.515,26.9,21,0.952
2026-01-07,OPP-004,Amenities and specials,61,277,0.526,0.214,0.434,21.9,34,0.916
2026-01-07,OPP-005,Reporting,41,308,0.582,0.167,0.51,25.4,22,0.99
2026-01-07,OPP-006,Implementation readiness,52,483,0.528,0.162,0.577,21.6,28,0.88
2026-01-07,OPP-007,Security and privacy,40,260,0.531,0.27,0.615,27.1,29,0.896
2026-01-07,OPP-008,AI insights,62,416,0.659,0.116,0.489,19.8,22,0.959
2026-01-08,OPP-001,Lease and renewal pricing,45,157,0.643,0.081,0.557,22.6,19,0.878
2026-01-08,OPP-002,Public market intelligence,58,410,0.584,0.266,0.556,28.1,15,0.88
2026-01-08,OPP-003,Amenities and specials,54,145,0.682,0.17,0.539,28.4,34,0.99
2026-01-08,OPP-004,Amenities and specials,59,499,0.535,0.254,0.699,23.8,26,0.821
2026-01-08,OPP-005,Reporting,23,165,0.495,0.333,0.624,16.2,9,0.899
2026-01-08,OPP-006,Implementation readiness,33,257,0.602,0.278,0.605,6.5,32,0.889
2026-01-08,OPP-007,Security and privacy,29,415,0.441,0.192,0.708,22.6,9,0.946
2026-01-08,OPP-008,AI insights,39,241,0.616,0.223,0.443,16.2,17,0.81
2026-01-09,OPP-001,Lease and renewal pricing,56,376,0.461,0.223,0.725,27.6,22,0.986
2026-01-09,OPP-002,Public market intelligence,42,348,0.592,0.218,0.634,21.2,7,0.948
2026-01-09,OPP-003,Amenities and specials,30,190,0.669,0.193,0.578,22.4,13,0.882
2026-01-09,OPP-004,Amenities and specials,30,518,0.548,0.332,0.428,21.2,24,0.96
2026-01-09,OPP-005,Reporting,41,119,0.668,0.24,0.312,12.7,9,0.942
2026-01-09,OPP-006,Implementation readiness,41,389,0.444,0.13,0.616,23.8,38,0.9
2026-01-09,OPP-007,Security and privacy,43,112,0.583,0.229,0.689,24.8,13,0.859
2026-01-09,OPP-008,AI insights,49,499,0.647,0.196,0.392,16.8,7,0.841
2026-01-10,OPP-001,Lease and renewal pricing,58,221,0.616,0.228,0.711,22.0,33,0.877
2026-01-10,OPP-002,Public market intelligence,55,134,0.563,0.229,0.659,10.4,24,0.949
2026-01-10,OPP-003,Amenities and specials,29,278,0.759,0.153,0.852,19.8,10,0.929
2026-01-10,OPP-004,Amenities and specials,21,447,0.531,0.335,0.38,15.6,18,0.862
2026-01-10,OPP-005,Reporting,44,317,0.572,0.117,0.389,29.6,10,0.847
2026-01-10,OPP-006,Implementation readiness,61,160,0.593,0.133,0.68,28.3,21,0.869
2026-01-10,OPP-007,Security and privacy,47,448,0.46,0.327,0.57,25.2,30,0.944
2026-01-10,OPP-008,AI insights,64,444,0.535,0.24,0.567,30.4,29,0.93
2026-01-11,OPP-001,Lease and renewal pricing,64,288,0.707,0.174,0.423,23.0,4,0.96
2026-01-11,OPP-002,Public market intelligence,56,231,0.632,0.264,0.479,9.1,8,0.893
2026-01-11,OPP-003,Amenities and specials,22,164,0.743,0.183,0.611,11.8,11,0.99
2026-01-11,OPP-004,Amenities and specials,27,387,0.507,0.173,0.582,21.9,9,0.99
2026-01-11,OPP-005,Reporting,32,226,0.481,0.251,0.479,37.6,37,0.88
2026-01-11,OPP-006,Implementation readiness,56,197,0.554,0.142,0.534,13.5,26,0.878
2026-01-11,OPP-007,Security and privacy,33,356,0.34,0.163,0.501,15.0,19,0.825
2026-01-11,OPP-008,AI insights,55,425,0.61,0.145,0.71,47.6,14,0.981
2026-01-12,OPP-001,Lease and renewal pricing,39,322,0.535,0.16,0.487,11.2,11,0.88
2026-01-12,OPP-002,Public market intelligence,18,235,0.539,0.19,0.548,29.1,33,0.97
2026-01-12,OPP-003,Amenities and specials,45,409,0.615,0.179,0.774,23.1,4,0.904
2026-01-12,OPP-004,Amenities and specials,39,209,0.476,0.368,0.528,31.2,12,0.913
2026-01-12,OPP-005,Reporting,62,204,0.479,0.144,0.577,28.4,32,0.932
2026-01-12,OPP-006,Implementation readiness,51,226,0.506,0.247,0.627,8.7,9,0.968
2026-01-12,OPP-007,Security and privacy,68,176,0.458,0.231,0.41,19.0,9,0.857
2026-01-12,OPP-008,AI insights,52,120,0.588,0.183,0.59,13.2,12,0.952
2026-01-13,OPP-001,Lease and renewal pricing,19,189,0.634,0.213,0.589,20.9,7,0.961
2026-01-13,OPP-002,Public market intelligence,56,313,0.46,0.139,0.526,18.8,29,0.916
2026-01-13,OPP-003,Amenities and specials,18,253,0.69,0.233,0.416,41.8,9,0.886
2026-01-13,OPP-004,Amenities and specials,47,477,0.551,0.173,0.708,25.8,7,0.902
2026-01-13,OPP-005,Reporting,27,145,0.667,0.191,0.589,25.9,21,0.914
2026-01-13,OPP-006,Implementation readiness,19,132,0.685,0.211,0.732,28.9,17,0.868
2026-01-13,OPP-007,Security and privacy,58,506,0.449,0.259,0.647,27.9,21,0.951
2026-01-13,OPP-008,AI insights,62,94,0.495,0.126,0.334,19.1,5,0.873
2026-01-14,OPP-001,Lease and renewal pricing,45,438,0.551,0.204,0.588,36.8,19,0.875
2026-01-14,OPP-002,Public market intelligence,38,317,0.577,0.208,0.731,32.4,8,0.919
2026-01-14,OPP-003,Amenities and specials,61,402,0.618,0.168,0.608,37.0,35,0.928
2026-01-14,OPP-004,Amenities and specials,62,412,0.618,0.202,0.712,7.6,5,0.881
2026-01-14,OPP-005,Reporting,22,262,0.608,0.248,0.548,17.0,27,0.84
2026-01-14,OPP-006,Implementation readiness,48,517,0.519,0.184,0.448,4,36,0.733
2026-01-14,OPP-007,Security and privacy,63,194,0.472,0.282,0.596,24.4,32,0.857
2026-01-14,OPP-008,AI insights,47,481,0.665,0.181,0.443,24.6,16,0.924
2026-01-15,OPP-001,Lease and renewal pricing,26,327,0.543,0.187,0.592,18.5,19,0.943
2026-01-15,OPP-002,Public market intelligence,55,343,0.64,0.079,0.522,25.3,33,0.757
2026-01-15,OPP-003,Amenities and specials,42,171,0.522,0.234,0.484,15.5,23,0.869
2026-01-15,OPP-004,Amenities and specials,24,398,0.513,0.271,0.69,14.5,37,0.855
2026-01-15,OPP-005,Reporting,67,467,0.543,0.102,0.618,7.4,9,0.99
2026-01-15,OPP-006,Implementation readiness,61,216,0.619,0.16,0.559,28.8,5,0.966
2026-01-15,OPP-007,Security and privacy,22,236,0.481,0.25,0.373,10.6,5,0.971
2026-01-15,OPP-008,AI insights,46,91,0.613,0.212,0.758,26.0,11,0.939
2026-01-16,OPP-001,Lease and renewal pricing,25,219,0.661,0.21,0.697,30.2,11,0.88
2026-01-16,OPP-002,Public market intelligence,60,427,0.589,0.205,0.558,23.9,33,0.83
2026-01-16,OPP-003,Amenities and specials,30,116,0.508,0.195,0.731,16.6,7,0.826
2026-01-16,OPP-004,Amenities and specials,34,153,0.428,0.244,0.689,23.3,16,0.835
2026-01-16,OPP-005,Reporting,46,97,0.65,0.274,0.501,9.5,22,0.907
2026-01-16,OPP-006,Implementation readiness,40,129,0.456,0.196,0.597,20.5,18,0.908
2026-01-16,OPP-007,Security and privacy,63,235,0.457,0.19,0.478,15.0,26,0.873
2026-01-16,OPP-008,AI insights,46,351,0.657,0.299,0.456,18.1,15,0.937
2026-01-17,OPP-001,Lease and renewal pricing,22,214,0.62,0.153,0.73,13.9,33,0.869
2026-01-17,OPP-002,Public market intelligence,67,266,0.584,0.128,0.685,31.1,8,0.824
2026-01-17,OPP-003,Amenities and specials,35,213,0.484,0.184,0.512,22.0,38,0.907
2026-01-17,OPP-004,Amenities and specials,49,320,0.407,0.288,0.555,20.0,26,0.965
2026-01-17,OPP-005,Reporting,48,125,0.508,0.148,0.441,28.2,5,0.976
2026-01-17,OPP-006,Implementation readiness,48,417,0.704,0.376,0.569,21.4,31,0.915
2026-01-17,OPP-007,Security and privacy,55,439,0.546,0.343,0.878,16.2,23,0.99
2026-01-17,OPP-008,AI insights,44,509,0.65,0.251,0.62,30.8,19,0.928
2026-01-18,OPP-001,Lease and renewal pricing,25,111,0.626,0.232,0.309,27.3,22,0.848
2026-01-18,OPP-002,Public market intelligence,48,182,0.628,0.222,0.695,11.8,9,0.929
2026-01-18,OPP-003,Amenities and specials,62,157,0.566,0.172,0.775,38.6,25,0.99
2026-01-18,OPP-004,Amenities and specials,58,118,0.498,0.258,0.502,13.8,13,0.891
2026-01-18,OPP-005,Reporting,66,379,0.512,0.265,0.429,57.8,34,0.888
2026-01-18,OPP-006,Implementation readiness,52,237,0.589,0.29,0.69,19.2,16,0.756
2026-01-18,OPP-007,Security and privacy,40,255,0.547,0.168,0.584,44.3,34,0.815
2026-01-18,OPP-008,AI insights,22,315,0.583,0.208,0.6,23.6,11,0.807
2026-01-19,OPP-001,Lease and renewal pricing,48,516,0.664,0.245,0.486,37.6,32,0.912
2026-01-19,OPP-002,Public market intelligence,53,262,0.698,0.22,0.547,36.7,34,0.971
2026-01-19,OPP-003,Amenities and specials,32,505,0.471,0.185,0.48,23.0,16,0.901
2026-01-19,OPP-004,Amenities and specials,61,485,0.52,0.208,0.622,47.9,31,0.852
2026-01-19,OPP-005,Reporting,34,413,0.639,0.204,0.338,19.0,21,0.99
2026-01-19,OPP-006,Implementation readiness,52,245,0.593,0.244,0.388,30.3,32,0.829
2026-01-19,OPP-007,Security and privacy,22,340,0.618,0.241,0.29,14.5,34,0.891
2026-01-19,OPP-008,AI insights,58,215,0.572,0.211,0.411,15.5,6,0.99
2026-01-20,OPP-001,Lease and renewal pricing,55,473,0.646,0.146,0.408,20.8,36,0.767
2026-01-20,OPP-002,Public market intelligence,57,138,0.681,0.191,0.627,20.8,30,0.982
2026-01-20,OPP-003,Amenities and specials,25,271,0.568,0.17,0.697,14.6,31,0.942
2026-01-20,OPP-004,Amenities and specials,67,179,0.598,0.224,0.448,26.0,36,0.876
2026-01-20,OPP-005,Reporting,55,341,0.468,0.246,0.603,22.4,5,0.85
2026-01-20,OPP-006,Implementation readiness,36,362,0.547,0.207,0.396,13.5,21,0.885
2026-01-20,OPP-007,Security and privacy,33,237,0.602,0.202,0.534,19.3,11,0.938
2026-01-20,OPP-008,AI insights,24,193,0.482,0.135,0.496,31.4,11,0.877
2026-01-21,OPP-001,Lease and renewal pricing,38,94,0.658,0.235,0.747,25.2,36,0.825
2026-01-21,OPP-002,Public market intelligence,59,129,0.584,0.147,0.537,25.4,25,0.857
2026-01-21,OPP-003,Amenities and specials,62,466,0.557,0.196,0.5,25.2,26,0.937
2026-01-21,OPP-004,Amenities and specials,63,474,0.501,0.18,0.615,48.1,17,0.874
2026-01-21,OPP-005,Reporting,47,169,0.482,0.217,0.623,28.2,21,0.99
2026-01-21,OPP-006,Implementation readiness,59,371,0.506,0.226,0.409,30.1,12,0.903
2026-01-21,OPP-007,Security and privacy,65,250,0.527,0.233,0.657,27.5,6,0.926
2026-01-21,OPP-008,AI insights,56,328,0.514,0.211,0.737,15.5,6,0.923
2026-01-22,OPP-001,Lease and renewal pricing,64,336,0.59,0.294,0.485,33.8,24,0.878
2026-01-22,OPP-002,Public market intelligence,32,520,0.642,0.215,0.539,19.9,29,0.849
2026-01-22,OPP-003,Amenities and specials,48,154,0.688,0.084,0.509,23.0,6,0.99
2026-01-22,OPP-004,Amenities and specials,68,374,0.413,0.237,0.537,17.7,26,0.872
2026-01-22,OPP-005,Reporting,35,467,0.56,0.18,0.698,24.7,22,0.897
2026-01-22,OPP-006,Implementation readiness,26,390,0.643,0.184,0.523,34.6,20,0.78
2026-01-22,OPP-007,Security and privacy,36,466,0.47,0.166,0.482,19.4,17,0.905
2026-01-22,OPP-008,AI insights,53,105,0.623,0.118,0.476,21.6,12,0.957
2026-01-23,OPP-001,Lease and renewal pricing,20,189,0.573,0.235,0.635,15.9,12,0.913
2026-01-23,OPP-002,Public market intelligence,62,171,0.45,0.192,0.575,20.6,22,0.99
2026-01-23,OPP-003,Amenities and specials,23,419,0.639,0.233,0.456,24.7,24,0.895
2026-01-23,OPP-004,Amenities and specials,30,365,0.432,0.172,0.427,19.5,23,0.952
2026-01-23,OPP-005,Reporting,64,99,0.547,0.205,0.302,21.9,24,0.893
2026-01-23,OPP-006,Implementation readiness,67,133,0.529,0.2,0.653,17.9,17,0.895
2026-01-23,OPP-007,Security and privacy,56,91,0.439,0.24,0.433,40.2,27,0.983
2026-01-23,OPP-008,AI insights,64,159,0.633,0.123,0.607,6.6,5,0.892
2026-01-24,OPP-001,Lease and renewal pricing,40,241,0.592,0.226,0.68,41.8,7,0.885
2026-01-24,OPP-002,Public market intelligence,40,443,0.501,0.316,0.544,30.0,13,0.883
2026-01-24,OPP-003,Amenities and specials,25,194,0.5,0.167,0.528,42.9,7,0.988
2026-01-24,OPP-004,Amenities and specials,64,137,0.534,0.182,0.673,4,6,0.889
2026-01-24,OPP-005,Reporting,38,464,0.657,0.109,0.729,34.6,30,0.868
2026-01-24,OPP-006,Implementation readiness,35,511,0.437,0.171,0.47,23.7,5,0.934
2026-01-24,OPP-007,Security and privacy,36,368,0.552,0.222,0.655,32.5,6,0.99
2026-01-24,OPP-008,AI insights,53,341,0.707,0.233,0.741,28.8,34,0.93
2026-01-25,OPP-001,Lease and renewal pricing,26,203,0.593,0.164,0.643,35.3,30,0.915
2026-01-25,OPP-002,Public market intelligence,48,339,0.345,0.223,0.535,32.6,18,0.958
2026-01-25,OPP-003,Amenities and specials,66,380,0.6,0.165,0.871,22.7,14,0.91
2026-01-25,OPP-004,Amenities and specials,39,446,0.567,0.191,0.551,26.0,14,0.824
2026-01-25,OPP-005,Reporting,57,333,0.45,0.278,0.702,27.9,34,0.99
2026-01-25,OPP-006,Implementation readiness,45,260,0.563,0.118,0.637,18.7,25,0.99
2026-01-25,OPP-007,Security and privacy,39,169,0.523,0.165,0.579,35.3,17,0.902
2026-01-25,OPP-008,AI insights,57,318,0.514,0.176,0.383,20.2,30,0.892
2026-01-26,OPP-001,Lease and renewal pricing,35,122,0.585,0.151,0.429,37.5,32,0.853
2026-01-26,OPP-002,Public market intelligence,49,478,0.637,0.232,0.702,15.8,24,0.901
2026-01-26,OPP-003,Amenities and specials,47,258,0.656,0.123,0.61,19.6,9,0.867
2026-01-26,OPP-004,Amenities and specials,44,130,0.491,0.275,0.291,8.7,24,0.856
2026-01-26,OPP-005,Reporting,48,225,0.585,0.168,0.442,19.7,13,0.894
2026-01-26,OPP-006,Implementation readiness,46,112,0.589,0.239,0.448,39.8,33,0.966
2026-01-26,OPP-007,Security and privacy,41,123,0.387,0.202,0.499,40.0,30,0.858
2026-01-26,OPP-008,AI insights,25,244,0.59,0.248,0.733,28.8,10,0.94
2026-01-27,OPP-001,Lease and renewal pricing,48,451,0.671,0.16,0.418,24.3,38,0.867
2026-01-27,OPP-002,Public market intelligence,22,223,0.498,0.06,0.642,21.7,32,0.925
2026-01-27,OPP-003,Amenities and specials,42,163,0.595,0.197,0.493,32.4,27,0.899
2026-01-27,OPP-004,Amenities and specials,25,448,0.563,0.171,0.436,33.4,28,0.827
2026-01-27,OPP-005,Reporting,45,260,0.564,0.251,0.486,4,35,0.857
2026-01-27,OPP-006,Implementation readiness,50,431,0.515,0.213,0.61,9.1,38,0.99
2026-01-27,OPP-007,Security and privacy,21,108,0.598,0.244,0.517,27.1,10,0.92
2026-01-27,OPP-008,AI insights,25,436,0.583,0.206,0.668,11.9,9,0.881
2026-01-28,OPP-001,Lease and renewal pricing,45,459,0.648,0.161,0.658,40.4,38,0.925
2026-01-28,OPP-002,Public market intelligence,46,198,0.473,0.214,0.762,25.2,14,0.911
2026-01-28,OPP-003,Amenities and specials,36,230,0.603,0.249,0.626,20.6,13,0.841
2026-01-28,OPP-004,Amenities and specials,54,304,0.505,0.291,0.561,23.9,29,0.99
2026-01-28,OPP-005,Reporting,50,150,0.627,0.119,0.738,40.3,24,0.979
2026-01-28,OPP-006,Implementation readiness,67,260,0.684,0.164,0.678,15.4,34,0.864
2026-01-28,OPP-007,Security and privacy,57,157,0.632,0.186,0.549,28.2,12,0.883
2026-01-28,OPP-008,AI insights,57,357,0.553,0.268,0.554,15.2,16,0.94
2026-01-29,OPP-001,Lease and renewal pricing,53,209,0.406,0.22,0.51,25.3,15,0.982
2026-01-29,OPP-002,Public market intelligence,46,468,0.599,0.271,0.449,26.3,32,0.942
2026-01-29,OPP-003,Amenities and specials,18,126,0.642,0.123,0.663,6.0,18,0.888
2026-01-29,OPP-004,Amenities and specials,23,494,0.488,0.191,0.579,46.8,17,0.88
2026-01-29,OPP-005,Reporting,24,393,0.604,0.145,0.552,28.0,30,0.911
2026-01-29,OPP-006,Implementation readiness,43,365,0.415,0.273,0.442,24.1,18,0.894
2026-01-29,OPP-007,Security and privacy,32,185,0.619,0.305,0.517,29.7,20,0.902
2026-01-29,OPP-008,AI insights,51,438,0.494,0.147,0.619,23.9,5,0.842
2026-01-30,OPP-001,Lease and renewal pricing,61,156,0.597,0.248,0.501,28.3,8,0.904
2026-01-30,OPP-002,Public market intelligence,25,274,0.647,0.237,0.506,31.1,13,0.872
2026-01-30,OPP-003,Amenities and specials,24,463,0.575,0.154,0.506,23.9,20,0.831
2026-01-30,OPP-004,Amenities and specials,25,365,0.407,0.182,0.589,29.0,4,0.982
2026-01-30,OPP-005,Reporting,19,394,0.584,0.196,0.654,27.8,30,0.895
2026-01-30,OPP-006,Implementation readiness,20,336,0.607,0.177,0.545,21.9,9,0.891
2026-01-30,OPP-007,Security and privacy,27,159,0.615,0.268,0.577,23.5,23,0.86
2026-01-30,OPP-008,AI insights,42,309,0.546,0.271,0.611,26.0,36,0.846
2026-01-31,OPP-001,Lease and renewal pricing,27,129,0.563,0.154,0.5,39.5,21,0.882
2026-01-31,OPP-002,Public market intelligence,22,333,0.682,0.28,0.485,31.6,16,0.949
2026-01-31,OPP-003,Amenities and specials,67,465,0.541,0.215,0.508,24.7,12,0.858
2026-01-31,OPP-004,Amenities and specials,44,259,0.621,0.178,0.639,19.8,33,0.939
2026-01-31,OPP-005,Reporting,36,430,0.592,0.201,0.664,13.8,19,0.841
2026-01-31,OPP-006,Implementation readiness,22,292,0.422,0.3,0.747,17.4,19,0.87
2026-01-31,OPP-007,Security and privacy,47,348,0.565,0.151,0.699,29.9,33,0.955
2026-01-31,OPP-008,AI insights,31,449,0.52,0.176,0.528,25.9,36,0.966
2026-02-01,OPP-001,Lease and renewal pricing,50,458,0.682,0.13,0.399,29.7,23,0.749
2026-02-01,OPP-002,Public market intelligence,32,325,0.597,0.222,0.564,32.8,30,0.925
2026-02-01,OPP-003,Amenities and specials,38,303,0.617,0.179,0.608,29.5,34,0.806
2026-02-01,OPP-004,Amenities and specials,32,253,0.514,0.201,0.677,27.2,14,0.824
2026-02-01,OPP-005,Reporting,55,297,0.551,0.254,0.526,45.1,25,0.987
2026-02-01,OPP-006,Implementation readiness,42,105,0.496,0.292,0.664,26.9,19,0.888
2026-02-01,OPP-007,Security and privacy,27,96,0.306,0.23,0.698,26.0,19,0.902
2026-02-01,OPP-008,AI insights,42,508,0.659,0.139,0.615,27.6,37,0.968
2026-02-02,OPP-001,Lease and renewal pricing,30,392,0.495,0.179,0.454,34.1,10,0.872
2026-02-02,OPP-002,Public market intelligence,30,103,0.596,0.228,0.464,21.1,26,0.899
2026-02-02,OPP-003,Amenities and specials,60,435,0.613,0.225,0.628,22.5,29,0.898
2026-02-02,OPP-004,Amenities and specials,49,375,0.55,0.32,0.709,15.2,27,0.909
2026-02-02,OPP-005,Reporting,23,363,0.608,0.252,0.388,8.0,14,0.928
2026-02-02,OPP-006,Implementation readiness,44,203,0.586,0.249,0.385,26.3,15,0.99
2026-02-02,OPP-007,Security and privacy,48,503,0.491,0.295,0.739,19.4,28,0.942
2026-02-02,OPP-008,AI insights,23,509,0.678,0.223,0.452,4,22,0.876
2026-02-03,OPP-001,Lease and renewal pricing,45,359,0.653,0.16,0.584,32.1,19,0.978
2026-02-03,OPP-002,Public market intelligence,48,94,0.57,0.327,0.74,18.6,5,0.93
2026-02-03,OPP-003,Amenities and specials,62,97,0.551,0.06,0.528,18.6,25,0.901
2026-02-03,OPP-004,Amenities and specials,27,354,0.576,0.255,0.704,21.3,11,0.954
2026-02-03,OPP-005,Reporting,68,494,0.512,0.18,0.547,25.9,8,0.87
2026-02-03,OPP-006,Implementation readiness,53,445,0.611,0.196,0.468,16.7,33,0.92
2026-02-03,OPP-007,Security and privacy,64,511,0.549,0.244,0.544,19.3,24,0.877
2026-02-03,OPP-008,AI insights,48,369,0.555,0.125,0.539,22.0,16,0.912
2026-02-04,OPP-001,Lease and renewal pricing,67,489,0.631,0.197,0.412,22.7,27,0.905
2026-02-04,OPP-002,Public market intelligence,60,367,0.447,0.115,0.418,17.9,7,0.891
2026-02-04,OPP-003,Amenities and specials,60,408,0.646,0.291,0.521,26.2,10,0.892
2026-02-04,OPP-004,Amenities and specials,38,382,0.542,0.185,0.508,35.9,32,0.902
2026-02-04,OPP-005,Reporting,61,158,0.577,0.253,0.564,22.3,11,0.824
2026-02-04,OPP-006,Implementation readiness,21,277,0.458,0.371,0.801,38.5,30,0.883
2026-02-04,OPP-007,Security and privacy,62,427,0.358,0.296,0.399,16.1,28,0.961
2026-02-04,OPP-008,AI insights,25,123,0.651,0.173,0.495,33.9,34,0.91
2026-02-05,OPP-001,Lease and renewal pricing,24,498,0.684,0.169,0.468,29.5,4,0.951
2026-02-05,OPP-002,Public market intelligence,52,459,0.64,0.245,0.591,20.3,33,0.946
2026-02-05,OPP-003,Amenities and specials,29,334,0.636,0.197,0.853,29.4,30,0.906
2026-02-05,OPP-004,Amenities and specials,26,314,0.441,0.172,0.424,12.3,29,0.94
2026-02-05,OPP-005,Reporting,65,322,0.668,0.162,0.508,18.8,20,0.837
2026-02-05,OPP-006,Implementation readiness,63,278,0.548,0.221,0.665,38.2,24,0.942
2026-02-05,OPP-007,Security and privacy,33,472,0.479,0.276,0.622,20.1,19,0.928
2026-02-05,OPP-008,AI insights,62,519,0.651,0.241,0.37,17.3,37,0.928
2026-02-06,OPP-001,Lease and renewal pricing,52,378,0.672,0.097,0.663,17.9,19,0.816
2026-02-06,OPP-002,Public market intelligence,54,266,0.515,0.188,0.503,20.1,10,0.899
2026-02-06,OPP-003,Amenities and specials,57,118,0.609,0.189,0.567,33.7,26,0.938
2026-02-06,OPP-004,Amenities and specials,23,393,0.492,0.373,0.511,19.9,5,0.905
2026-02-06,OPP-005,Reporting,50,422,0.631,0.169,0.544,25.1,20,0.988
2026-02-06,OPP-006,Implementation readiness,29,448,0.619,0.293,0.506,18.0,26,0.933
2026-02-06,OPP-007,Security and privacy,19,331,0.41,0.334,0.562,25.5,36,0.823
2026-02-06,OPP-008,AI insights,19,254,0.628,0.162,0.619,12.2,8,0.961
2026-02-07,OPP-001,Lease and renewal pricing,20,200,0.59,0.11,0.689,29.0,28,0.945
2026-02-07,OPP-002,Public market intelligence,45,415,0.498,0.212,0.705,23.9,10,0.923
2026-02-07,OPP-003,Amenities and specials,57,420,0.563,0.085,0.852,14.8,7,0.96
2026-02-07,OPP-004,Amenities and specials,29,138,0.596,0.158,0.628,27.6,27,0.891
2026-02-07,OPP-005,Reporting,30,436,0.364,0.282,0.602,21.1,32,0.806
2026-02-07,OPP-006,Implementation readiness,21,284,0.614,0.23,0.411,27.4,19,0.884
2026-02-07,OPP-007,Security and privacy,26,414,0.519,0.185,0.734,27.6,9,0.8
2026-02-07,OPP-008,AI insights,49,368,0.597,0.06,0.557,12.7,31,0.882
2026-02-08,OPP-001,Lease and renewal pricing,27,508,0.82,0.143,0.629,24.8,16,0.858
2026-02-08,OPP-002,Public market intelligence,35,280,0.379,0.168,0.607,41.5,10,0.86
2026-02-08,OPP-003,Amenities and specials,27,225,0.651,0.164,0.551,37.0,32,0.938
2026-02-08,OPP-004,Amenities and specials,63,117,0.639,0.185,0.742,26.9,34,0.931
2026-02-08,OPP-005,Reporting,22,305,0.727,0.219,0.576,22.8,28,0.916
2026-02-08,OPP-006,Implementation readiness,63,409,0.555,0.267,0.687,22.2,10,0.943
2026-02-08,OPP-007,Security and privacy,50,332,0.543,0.292,0.555,25.8,12,0.99
2026-02-08,OPP-008,AI insights,43,400,0.601,0.286,0.663,12.3,5,0.898
2026-02-09,OPP-001,Lease and renewal pricing,45,224,0.643,0.123,0.795,34.3,23,0.832
2026-02-09,OPP-002,Public market intelligence,33,156,0.626,0.276,0.478,28.7,33,0.864
2026-02-09,OPP-003,Amenities and specials,31,477,0.611,0.134,0.611,20.2,19,0.99
2026-02-09,OPP-004,Amenities and specials,23,232,0.454,0.152,0.622,34.7,20,0.85
2026-02-09,OPP-005,Reporting,26,488,0.625,0.138,0.551,4,19,0.99
2026-02-09,OPP-006,Implementation readiness,27,137,0.624,0.17,0.287,32.5,21,0.99
2026-02-09,OPP-007,Security and privacy,26,389,0.463,0.282,0.781,18.0,12,0.896
2026-02-09,OPP-008,AI insights,36,413,0.57,0.213,0.489,19.5,5,0.989
2026-02-10,OPP-001,Lease and renewal pricing,42,181,0.696,0.179,0.777,4,21,0.89
2026-02-10,OPP-002,Public market intelligence,64,115,0.422,0.152,0.607,21.5,8,0.943
2026-02-10,OPP-003,Amenities and specials,19,518,0.668,0.132,0.665,24.4,28,0.922
2026-02-10,OPP-004,Amenities and specials,36,148,0.593,0.231,0.5,28.2,18,0.884
2026-02-10,OPP-005,Reporting,51,103,0.644,0.298,0.673,13.6,32,0.99
2026-02-10,OPP-006,Implementation readiness,50,501,0.536,0.222,0.598,29.4,21,0.963
2026-02-10,OPP-007,Security and privacy,19,331,0.59,0.25,0.422,35.9,9,0.876
2026-02-10,OPP-008,AI insights,62,477,0.54,0.209,0.719,21.9,6,0.845
2026-02-11,OPP-001,Lease and renewal pricing,54,314,0.542,0.167,0.653,36.8,17,0.867
2026-02-11,OPP-002,Public market intelligence,49,356,0.664,0.331,0.489,20.7,32,0.872
2026-02-11,OPP-003,Amenities and specials,59,306,0.505,0.238,0.61,33.8,26,0.863
2026-02-11,OPP-004,Amenities and specials,47,203,0.564,0.272,0.512,21.4,13,0.902
2026-02-11,OPP-005,Reporting,50,389,0.564,0.318,0.611,25.2,7,0.899
2026-02-11,OPP-006,Implementation readiness,22,478,0.554,0.201,0.541,10.4,23,0.933
2026-02-11,OPP-007,Security and privacy,45,490,0.442,0.235,0.397,13.9,10,0.933
2026-02-11,OPP-008,AI insights,64,280,0.572,0.176,0.497,26.7,32,0.968
2026-02-12,OPP-001,Lease and renewal pricing,36,384,0.684,0.154,0.531,15.3,10,0.89
2026-02-12,OPP-002,Public market intelligence,49,441,0.665,0.195,0.489,14.3,23,0.831
2026-02-12,OPP-003,Amenities and specials,52,410,0.573,0.161,0.431,20.3,18,0.938
2026-02-12,OPP-004,Amenities and specials,62,287,0.48,0.317,0.88,29.0,29,0.923
2026-02-12,OPP-005,Reporting,36,107,0.464,0.23,0.689,15.5,20,0.799
2026-02-12,OPP-006,Implementation readiness,40,367,0.565,0.258,0.69,29.6,16,0.99
2026-02-12,OPP-007,Security and privacy,25,332,0.565,0.265,0.593,13.9,9,0.922
2026-02-12,OPP-008,AI insights,21,443,0.574,0.28,0.527,13.8,15,0.847
2026-02-13,OPP-001,Lease and renewal pricing,39,461,0.615,0.101,0.269,34.1,11,0.775
2026-02-13,OPP-002,Public market intelligence,63,237,0.424,0.211,0.546,20.8,30,0.918
2026-02-13,OPP-003,Amenities and specials,43,492,0.604,0.138,0.22,39.9,35,0.975
2026-02-13,OPP-004,Amenities and specials,38,390,0.527,0.176,0.576,23.1,36,0.949
2026-02-13,OPP-005,Reporting,49,172,0.545,0.17,0.437,29.9,22,0.871
2026-02-13,OPP-006,Implementation readiness,65,406,0.561,0.19,0.438,20.9,26,0.798
2026-02-13,OPP-007,Security and privacy,52,501,0.556,0.244,0.271,36.1,19,0.947
2026-02-13,OPP-008,AI insights,53,282,0.741,0.234,0.55,13.0,13,0.908
2026-02-14,OPP-001,Lease and renewal pricing,58,380,0.622,0.289,0.69,17.3,32,0.979
2026-02-14,OPP-002,Public market intelligence,47,138,0.4,0.161,0.459,21.5,7,0.942
2026-02-14,OPP-003,Amenities and specials,55,403,0.596,0.227,0.407,10.6,13,0.86
2026-02-14,OPP-004,Amenities and specials,67,502,0.608,0.2,0.576,30.8,9,0.902
2026-02-14,OPP-005,Reporting,43,140,0.527,0.168,0.687,35.9,28,0.746
2026-02-14,OPP-006,Implementation readiness,35,378,0.499,0.298,0.834,30.1,21,0.903
2026-02-14,OPP-007,Security and privacy,49,434,0.602,0.289,0.751,21.3,11,0.813
2026-02-14,OPP-008,AI insights,47,221,0.661,0.235,0.614,16.0,31,0.884
2026-02-15,OPP-001,Lease and renewal pricing,37,373,0.696,0.133,0.758,27.9,14,0.844
2026-02-15,OPP-002,Public market intelligence,50,415,0.55,0.171,0.647,24.1,4,0.864
2026-02-15,OPP-003,Amenities and specials,39,458,0.676,0.285,0.569,5.4,31,0.99
2026-02-15,OPP-004,Amenities and specials,60,281,0.684,0.246,0.647,34.8,11,0.832
2026-02-15,OPP-005,Reporting,51,474,0.602,0.184,0.368,31.1,38,0.877
2026-02-15,OPP-006,Implementation readiness,35,442,0.664,0.192,0.669,24.0,13,0.902
2026-02-15,OPP-007,Security and privacy,64,311,0.508,0.216,0.556,34.3,6,0.901
2026-02-15,OPP-008,AI insights,21,325,0.482,0.113,0.545,38.9,13,0.959
2026-02-16,OPP-001,Lease and renewal pricing,65,159,0.755,0.101,0.786,16.8,10,0.888
2026-02-16,OPP-002,Public market intelligence,20,297,0.649,0.199,0.523,9.7,33,0.862
2026-02-16,OPP-003,Amenities and specials,20,287,0.773,0.177,0.61,4,23,0.867
2026-02-16,OPP-004,Amenities and specials,60,351,0.464,0.218,0.802,8.9,9,0.85
2026-02-16,OPP-005,Reporting,62,316,0.509,0.125,0.536,35.1,33,0.873
2026-02-16,OPP-006,Implementation readiness,29,240,0.594,0.253,0.731,41.8,35,0.963
2026-02-16,OPP-007,Security and privacy,35,228,0.55,0.214,0.48,14.9,15,0.825
2026-02-16,OPP-008,AI insights,66,477,0.728,0.185,0.387,16.5,14,0.917
2026-02-17,OPP-001,Lease and renewal pricing,22,284,0.655,0.132,0.645,20.4,30,0.956
2026-02-17,OPP-002,Public market intelligence,24,496,0.554,0.196,0.634,16.8,32,0.946
2026-02-17,OPP-003,Amenities and specials,20,489,0.695,0.208,0.474,22.2,34,0.953
2026-02-17,OPP-004,Amenities and specials,25,519,0.493,0.173,0.587,11.4,19,0.915
2026-02-17,OPP-005,Reporting,33,375,0.494,0.274,0.448,18.2,24,0.99
2026-02-17,OPP-006,Implementation readiness,40,320,0.631,0.188,0.469,12.4,18,0.99
2026-02-17,OPP-007,Security and privacy,42,486,0.534,0.328,0.726,30.2,27,0.875
2026-02-17,OPP-008,AI insights,59,413,0.491,0.164,0.419,21.8,9,0.957
2026-02-18,OPP-001,Lease and renewal pricing,36,125,0.585,0.263,0.574,25.0,30,0.94
2026-02-18,OPP-002,Public market intelligence,42,322,0.623,0.229,0.252,19.1,25,0.918
2026-02-18,OPP-003,Amenities and specials,42,279,0.648,0.189,0.489,29.3,4,0.907
2026-02-18,OPP-004,Amenities and specials,20,182,0.494,0.282,0.369,22.7,29,0.804
2026-02-18,OPP-005,Reporting,18,263,0.529,0.271,0.85,26.2,17,0.955
2026-02-18,OPP-006,Implementation readiness,43,308,0.543,0.368,0.524,19.2,7,0.92
2026-02-18,OPP-007,Security and privacy,21,511,0.488,0.307,0.272,28.0,24,0.923
2026-02-18,OPP-008,AI insights,24,148,0.516,0.234,0.368,20.7,5,0.922
2026-02-19,OPP-001,Lease and renewal pricing,48,348,0.648,0.12,0.581,38.6,23,0.837
2026-02-19,OPP-002,Public market intelligence,37,245,0.651,0.212,0.638,20.6,7,0.889
2026-02-19,OPP-003,Amenities and specials,49,504,0.627,0.097,0.677,18.0,17,0.855
2026-02-19,OPP-004,Amenities and specials,68,230,0.601,0.226,0.564,15.1,4,0.982
2026-02-19,OPP-005,Reporting,41,294,0.591,0.158,0.397,12.5,28,0.99
2026-02-19,OPP-006,Implementation readiness,56,201,0.507,0.229,0.513,36.2,26,0.92
2026-02-19,OPP-007,Security and privacy,61,487,0.506,0.302,0.379,27.2,30,0.804
2026-02-19,OPP-008,AI insights,37,348,0.713,0.174,0.657,22.5,37,0.898
2026-02-20,OPP-001,Lease and renewal pricing,37,195,0.534,0.196,0.642,23.6,8,0.883
2026-02-20,OPP-002,Public market intelligence,30,199,0.451,0.271,0.66,17.8,34,0.858
2026-02-20,OPP-003,Amenities and specials,43,341,0.551,0.142,0.501,20.0,34,0.907
2026-02-20,OPP-004,Amenities and specials,62,429,0.393,0.126,0.596,23.0,18,0.928
2026-02-20,OPP-005,Reporting,19,464,0.621,0.143,0.691,35.1,29,0.819
2026-02-20,OPP-006,Implementation readiness,20,188,0.535,0.228,0.574,24.5,14,0.914
2026-02-20,OPP-007,Security and privacy,26,189,0.562,0.288,0.752,21.1,6,0.929
2026-02-20,OPP-008,AI insights,32,204,0.605,0.223,0.626,28.9,4,0.978
2026-02-21,OPP-001,Lease and renewal pricing,53,266,0.641,0.181,0.559,31.8,14,0.882
2026-02-21,OPP-002,Public market intelligence,68,500,0.569,0.256,0.73,27.7,12,0.957
2026-02-21,OPP-003,Amenities and specials,29,348,0.649,0.162,0.827,39.8,21,0.903
2026-02-21,OPP-004,Amenities and specials,31,371,0.425,0.221,0.529,5.9,19,0.976
2026-02-21,OPP-005,Reporting,46,424,0.461,0.215,0.382,35.4,23,0.957
2026-02-21,OPP-006,Implementation readiness,32,150,0.581,0.197,0.625,23.6,38,0.887
2026-02-21,OPP-007,Security and privacy,59,163,0.456,0.158,0.629,26.6,29,0.916
2026-02-21,OPP-008,AI insights,34,211,0.41,0.188,0.727,26.1,19,0.833
2026-02-22,OPP-001,Lease and renewal pricing,26,293,0.735,0.223,0.659,34.0,33,0.88
2026-02-22,OPP-002,Public market intelligence,27,462,0.644,0.289,0.466,29.6,14,0.985
2026-02-22,OPP-003,Amenities and specials,62,168,0.432,0.27,0.624,6.1,33,0.875
2026-02-22,OPP-004,Amenities and specials,55,417,0.469,0.158,0.538,29.0,10,0.968
2026-02-22,OPP-005,Reporting,45,96,0.688,0.124,0.445,35.4,37,0.917
2026-02-22,OPP-006,Implementation readiness,39,327,0.609,0.234,0.658,23.8,18,0.99
2026-02-22,OPP-007,Security and privacy,37,150,0.596,0.27,0.522,24.4,34,0.99
2026-02-22,OPP-008,AI insights,31,206,0.486,0.186,0.685,17.3,18,0.935
2026-02-23,OPP-001,Lease and renewal pricing,19,415,0.537,0.184,0.483,13.8,5,0.866
2026-02-23,OPP-002,Public market intelligence,27,193,0.564,0.168,0.641,32.5,29,0.963
2026-02-23,OPP-003,Amenities and specials,47,226,0.597,0.206,0.541,25.6,8,0.867
2026-02-23,OPP-004,Amenities and specials,33,149,0.368,0.315,0.36,17.8,4,0.864
2026-02-23,OPP-005,Reporting,22,338,0.703,0.107,0.501,22.7,15,0.879
2026-02-23,OPP-006,Implementation readiness,64,188,0.616,0.247,0.473,24.6,9,0.978
2026-02-23,OPP-007,Security and privacy,22,104,0.479,0.139,0.47,26.2,10,0.858
2026-02-23,OPP-008,AI insights,66,476,0.484,0.155,0.644,24.7,30,0.891
2026-02-24,OPP-001,Lease and renewal pricing,52,272,0.708,0.097,0.592,13.8,14,0.851
2026-02-24,OPP-002,Public market intelligence,48,353,0.506,0.206,0.72,29.4,33,0.964
2026-02-24,OPP-003,Amenities and specials,43,259,0.57,0.232,0.55,25.8,36,0.95
2026-02-24,OPP-004,Amenities and specials,18,322,0.578,0.264,0.729,20.6,6,0.907
2026-02-24,OPP-005,Reporting,64,276,0.524,0.19,0.575,6.5,10,0.911
2026-02-24,OPP-006,Implementation readiness,40,194,0.522,0.219,0.665,16.1,4,0.907
2026-02-24,OPP-007,Security and privacy,51,138,0.488,0.322,0.458,23.0,9,0.904
2026-02-24,OPP-008,AI insights,49,467,0.518,0.282,0.434,38.4,10,0.94
2026-02-25,OPP-001,Lease and renewal pricing,36,391,0.559,0.082,0.791,23.1,25,0.839
2026-02-25,OPP-002,Public market intelligence,56,292,0.472,0.18,0.488,29.5,38,0.85
2026-02-25,OPP-003,Amenities and specials,56,496,0.599,0.192,0.661,28.9,31,0.898
2026-02-25,OPP-004,Amenities and specials,61,139,0.488,0.262,0.359,21.2,18,0.888
2026-02-25,OPP-005,Reporting,26,435,0.594,0.242,0.683,17.7,9,0.847
2026-02-25,OPP-006,Implementation readiness,45,329,0.505,0.175,0.542,12.2,28,0.98
2026-02-25,OPP-007,Security and privacy,65,434,0.514,0.198,0.768,14.2,29,0.881
2026-02-25,OPP-008,AI insights,38,215,0.571,0.144,0.556,26.4,38,0.875
2026-02-26,OPP-001,Lease and renewal pricing,62,161,0.701,0.204,0.569,15.6,30,0.99
2026-02-26,OPP-002,Public market intelligence,28,152,0.463,0.173,0.72,25.2,5,0.787
2026-02-26,OPP-003,Amenities and specials,44,214,0.602,0.333,0.602,29.9,26,0.92
2026-02-26,OPP-004,Amenities and specials,35,191,0.505,0.174,0.654,34.5,19,0.956
2026-02-26,OPP-005,Reporting,68,426,0.535,0.206,0.465,27.8,26,0.99
2026-02-26,OPP-006,Implementation readiness,18,488,0.735,0.207,0.656,32.5,9,0.99
2026-02-26,OPP-007,Security and privacy,59,236,0.461,0.295,0.784,17.3,11,0.862
2026-02-26,OPP-008,AI insights,19,117,0.441,0.219,0.61,34.4,20,0.95
2026-02-27,OPP-001,Lease and renewal pricing,24,413,0.713,0.198,0.461,29.6,25,0.99
2026-02-27,OPP-002,Public market intelligence,47,482,0.631,0.128,0.477,24.0,9,0.988
2026-02-27,OPP-003,Amenities and specials,57,260,0.556,0.319,0.626,19.6,9,0.789
2026-02-27,OPP-004,Amenities and specials,23,381,0.351,0.18,0.5,34.1,37,0.797
2026-02-27,OPP-005,Reporting,59,102,0.529,0.248,0.534,16.8,26,0.845
2026-02-27,OPP-006,Implementation readiness,43,341,0.609,0.242,0.597,45.5,26,0.874
2026-02-27,OPP-007,Security and privacy,35,404,0.554,0.209,0.4,33.8,22,0.877
2026-02-27,OPP-008,AI insights,67,494,0.658,0.184,0.635,20.6,34,0.881
2026-02-28,OPP-001,Lease and renewal pricing,53,194,0.598,0.257,0.368,29.3,29,0.869
2026-02-28,OPP-002,Public market intelligence,50,301,0.497,0.254,0.667,24.5,35,0.919
2026-02-28,OPP-003,Amenities and specials,59,391,0.659,0.073,0.613,30.0,35,0.99
2026-02-28,OPP-004,Amenities and specials,19,148,0.541,0.213,0.416,31.0,7,0.99
2026-02-28,OPP-005,Reporting,58,470,0.635,0.212,0.738,6.3,22,0.883
2026-02-28,OPP-006,Implementation readiness,45,138,0.619,0.192,0.456,38.2,22,0.899
2026-02-28,OPP-007,Security and privacy,27,243,0.481,0.188,0.428,13.2,33,0.874
2026-02-28,OPP-008,AI insights,57,513,0.506,0.106,0.793,26.9,33,0.965
2026-03-01,OPP-001,Lease and renewal pricing,35,509,0.726,0.072,0.534,36.8,22,0.861
2026-03-01,OPP-002,Public market intelligence,25,261,0.537,0.274,0.735,29.3,24,0.933
2026-03-01,OPP-003,Amenities and specials,64,422,0.635,0.25,0.486,39.6,34,0.798
2026-03-01,OPP-004,Amenities and specials,32,405,0.485,0.258,0.507,32.9,29,0.909
2026-03-01,OPP-005,Reporting,38,438,0.539,0.335,0.503,35.2,20,0.969
2026-03-01,OPP-006,Implementation readiness,56,461,0.591,0.249,0.604,26.6,21,0.99
2026-03-01,OPP-007,Security and privacy,65,515,0.407,0.209,0.58,20.2,31,0.976
2026-03-01,OPP-008,AI insights,23,354,0.588,0.237,0.591,30.8,29,0.964
2026-03-02,OPP-001,Lease and renewal pricing,26,304,0.604,0.142,0.766,25.8,8,0.886
2026-03-02,OPP-002,Public market intelligence,67,162,0.527,0.184,0.695,18.7,19,0.977
2026-03-02,OPP-003,Amenities and specials,20,353,0.775,0.282,0.505,9.3,19,0.876
2026-03-02,OPP-004,Amenities and specials,41,354,0.577,0.307,0.601,11.9,28,0.844
2026-03-02,OPP-005,Reporting,41,98,0.725,0.193,0.391,17.8,9,0.914
2026-03-02,OPP-006,Implementation readiness,42,370,0.427,0.247,0.768,23.3,21,0.849
2026-03-02,OPP-007,Security and privacy,27,393,0.649,0.248,0.502,22.7,25,0.99
2026-03-02,OPP-008,AI insights,46,491,0.612,0.13,0.595,29.8,36,0.877
2026-03-03,OPP-001,Lease and renewal pricing,40,336,0.657,0.262,0.58,34.1,26,0.968
2026-03-03,OPP-002,Public market intelligence,62,379,0.524,0.266,0.618,34.0,24,0.861
2026-03-03,OPP-003,Amenities and specials,26,343,0.619,0.217,0.604,22.6,6,0.909
2026-03-03,OPP-004,Amenities and specials,38,485,0.446,0.271,0.539,28.9,26,0.942
2026-03-03,OPP-005,Reporting,40,206,0.765,0.237,0.682,19.0,23,0.844
2026-03-03,OPP-006,Implementation readiness,46,218,0.672,0.185,0.598,24.8,36,0.9
2026-03-03,OPP-007,Security and privacy,67,149,0.473,0.181,0.571,8.1,27,0.904
2026-03-03,OPP-008,AI insights,24,423,0.653,0.13,0.35,27.9,8,0.891
2026-03-04,OPP-001,Lease and renewal pricing,65,280,0.629,0.229,0.483,34.2,17,0.929
2026-03-04,OPP-002,Public market intelligence,40,515,0.618,0.281,0.56,34.5,22,0.99
2026-03-04,OPP-003,Amenities and specials,38,256,0.565,0.136,0.456,22.9,36,0.912
2026-03-04,OPP-004,Amenities and specials,44,419,0.414,0.276,0.62,20.1,17,0.926
2026-03-04,OPP-005,Reporting,60,401,0.572,0.231,0.613,34.2,13,0.99
2026-03-04,OPP-006,Implementation readiness,39,484,0.741,0.266,0.504,25.2,14,0.912
2026-03-04,OPP-007,Security and privacy,60,451,0.561,0.131,0.638,14.7,27,0.92
2026-03-04,OPP-008,AI insights,39,443,0.669,0.159,0.408,44.5,26,0.936
2026-03-05,OPP-001,Lease and renewal pricing,56,421,0.649,0.139,0.482,24.5,12,0.891
2026-03-05,OPP-002,Public market intelligence,34,162,0.593,0.206,0.7,27.0,8,0.858
2026-03-05,OPP-003,Amenities and specials,40,407,0.6,0.276,0.648,30.1,19,0.879
2026-03-05,OPP-004,Amenities and specials,55,412,0.605,0.248,0.474,36.4,6,0.917
2026-03-05,OPP-005,Reporting,32,121,0.678,0.188,0.537,24.4,8,0.99
2026-03-05,OPP-006,Implementation readiness,30,520,0.516,0.21,0.416,49.5,36,0.98
2026-03-05,OPP-007,Security and privacy,44,253,0.545,0.212,0.605,26.8,16,0.974
2026-03-05,OPP-008,AI insights,19,194,0.713,0.258,0.617,15.0,7,0.982
2026-03-06,OPP-001,Lease and renewal pricing,24,477,0.543,0.224,0.709,25.3,16,0.932
2026-03-06,OPP-002,Public market intelligence,20,324,0.554,0.229,0.604,14.1,34,0.99
2026-03-06,OPP-003,Amenities and specials,21,370,0.675,0.222,0.667,21.1,12,0.898
2026-03-06,OPP-004,Amenities and specials,53,232,0.585,0.243,0.602,14.9,30,0.836
2026-03-06,OPP-005,Reporting,21,351,0.56,0.215,0.459,18.4,5,0.826
2026-03-06,OPP-006,Implementation readiness,66,452,0.414,0.249,0.709,37.0,21,0.97
2026-03-06,OPP-007,Security and privacy,19,152,0.508,0.214,0.507,33.5,12,0.83
2026-03-06,OPP-008,AI insights,28,226,0.601,0.284,0.642,14.7,20,0.823
2026-03-07,OPP-001,Lease and renewal pricing,46,468,0.676,0.232,0.443,19.0,5,0.883
2026-03-07,OPP-002,Public market intelligence,56,179,0.559,0.293,0.541,18.7,5,0.864
2026-03-07,OPP-003,Amenities and specials,53,304,0.501,0.277,0.479,21.2,12,0.839
2026-03-07,OPP-004,Amenities and specials,18,300,0.687,0.217,0.554,19.1,21,0.918
2026-03-07,OPP-005,Reporting,41,92,0.569,0.219,0.585,15.5,6,0.891
2026-03-07,OPP-006,Implementation readiness,44,316,0.558,0.335,0.644,30.5,18,0.99
2026-03-07,OPP-007,Security and privacy,31,430,0.421,0.248,0.528,16.0,17,0.858
2026-03-07,OPP-008,AI insights,29,291,0.527,0.172,0.574,11.2,34,0.881
2026-03-08,OPP-001,Lease and renewal pricing,56,142,0.647,0.181,0.447,9.6,34,0.915
2026-03-08,OPP-002,Public market intelligence,53,164,0.611,0.268,0.694,38.1,29,0.961
2026-03-08,OPP-003,Amenities and specials,32,446,0.632,0.102,0.588,18.5,13,0.808
2026-03-08,OPP-004,Amenities and specials,18,312,0.416,0.169,0.761,17.8,22,0.792
2026-03-08,OPP-005,Reporting,55,226,0.516,0.245,0.675,32.5,34,0.862
2026-03-08,OPP-006,Implementation readiness,61,416,0.557,0.214,0.397,14.6,23,0.971
2026-03-08,OPP-007,Security and privacy,50,318,0.645,0.197,0.445,7.8,38,0.924
2026-03-08,OPP-008,AI insights,47,251,0.497,0.147,0.416,20.3,23,0.906
2026-03-09,OPP-001,Lease and renewal pricing,61,330,0.472,0.183,0.579,29.3,18,0.99
2026-03-09,OPP-002,Public market intelligence,37,224,0.592,0.143,0.409,33.5,27,0.831
2026-03-09,OPP-003,Amenities and specials,31,463,0.551,0.236,0.433,39.3,27,0.961
2026-03-09,OPP-004,Amenities and specials,51,437,0.611,0.207,0.602,23.6,11,0.864
2026-03-09,OPP-005,Reporting,50,317,0.597,0.254,0.545,23.3,13,0.863
2026-03-09,OPP-006,Implementation readiness,42,300,0.532,0.277,0.556,35.8,34,0.907
2026-03-09,OPP-007,Security and privacy,27,431,0.46,0.18,0.474,26.3,27,0.9
2026-03-09,OPP-008,AI insights,53,192,0.654,0.234,0.492,12.1,15,0.859
2026-03-10,OPP-001,Lease and renewal pricing,67,505,0.58,0.239,0.581,17.5,30,0.837
2026-03-10,OPP-002,Public market intelligence,52,306,0.7,0.156,0.606,15.3,19,0.99
2026-03-10,OPP-003,Amenities and specials,47,512,0.668,0.181,0.648,8.8,28,0.893
2026-03-10,OPP-004,Amenities and specials,45,437,0.476,0.287,0.571,8.8,11,0.845
2026-03-10,OPP-005,Reporting,58,212,0.548,0.221,0.482,12.8,7,0.917
2026-03-10,OPP-006,Implementation readiness,24,196,0.65,0.246,0.401,17.9,14,0.866
2026-03-10,OPP-007,Security and privacy,61,379,0.577,0.327,0.446,40.3,26,0.873
2026-03-10,OPP-008,AI insights,19,291,0.657,0.123,0.521,15.8,7,0.859
2026-03-11,OPP-001,Lease and renewal pricing,65,492,0.683,0.256,0.66,24.7,38,0.843
2026-03-11,OPP-002,Public market intelligence,26,130,0.6,0.272,0.88,25.4,24,0.82
2026-03-11,OPP-003,Amenities and specials,63,246,0.559,0.197,0.618,28.5,29,0.909
2026-03-11,OPP-004,Amenities and specials,54,312,0.536,0.324,0.449,20.4,25,0.891
2026-03-11,OPP-005,Reporting,61,171,0.443,0.236,0.565,40.1,11,0.838
2026-03-11,OPP-006,Implementation readiness,53,329,0.534,0.238,0.592,18.2,25,0.915
2026-03-11,OPP-007,Security and privacy,40,307,0.594,0.258,0.734,24.7,32,0.877
2026-03-11,OPP-008,AI insights,24,498,0.6,0.239,0.695,24.7,34,0.99
2026-03-12,OPP-001,Lease and renewal pricing,53,199,0.659,0.252,0.74,25.9,23,0.884
2026-03-12,OPP-002,Public market intelligence,32,338,0.538,0.217,0.53,13.1,37,0.99
2026-03-12,OPP-003,Amenities and specials,24,329,0.634,0.19,0.548,13.3,34,0.886
2026-03-12,OPP-004,Amenities and specials,32,185,0.437,0.26,0.628,16.5,19,0.945
2026-03-12,OPP-005,Reporting,56,267,0.557,0.231,0.705,24.1,38,0.905
2026-03-12,OPP-006,Implementation readiness,39,403,0.556,0.242,0.389,32.7,37,0.99
2026-03-12,OPP-007,Security and privacy,66,149,0.453,0.206,0.486,23.9,21,0.863
2026-03-12,OPP-008,AI insights,44,113,0.588,0.231,0.542,11.5,30,0.99
2026-03-13,OPP-001,Lease and renewal pricing,45,249,0.706,0.111,0.734,14.7,32,0.873
2026-03-13,OPP-002,Public market intelligence,56,296,0.549,0.204,0.645,4,9,0.95
2026-03-13,OPP-003,Amenities and specials,37,370,0.657,0.125,0.691,42.0,8,0.805
2026-03-13,OPP-004,Amenities and specials,22,173,0.563,0.264,0.733,31.0,4,0.911
2026-03-13,OPP-005,Reporting,43,285,0.583,0.334,0.595,28.3,6,0.886
2026-03-13,OPP-006,Implementation readiness,41,302,0.569,0.287,0.688,17.2,24,0.902
2026-03-13,OPP-007,Security and privacy,30,330,0.537,0.25,0.547,38.2,7,0.884
2026-03-13,OPP-008,AI insights,40,359,0.573,0.154,0.561,34.0,21,0.858
2026-03-14,OPP-001,Lease and renewal pricing,68,207,0.749,0.102,0.461,17.0,8,0.92
2026-03-14,OPP-002,Public market intelligence,26,299,0.415,0.14,0.637,32.7,30,0.99
2026-03-14,OPP-003,Amenities and specials,23,338,0.543,0.218,0.587,23.2,7,0.951
2026-03-14,OPP-004,Amenities and specials,58,182,0.654,0.231,0.382,23.7,35,0.962
2026-03-14,OPP-005,Reporting,41,339,0.54,0.206,0.506,40.8,18,0.898
2026-03-14,OPP-006,Implementation readiness,46,343,0.425,0.306,0.63,28.8,14,0.884
2026-03-14,OPP-007,Security and privacy,33,191,0.591,0.271,0.345,27.4,19,0.871
2026-03-14,OPP-008,AI insights,63,175,0.507,0.274,0.601,30.4,8,0.896
2026-03-15,OPP-001,Lease and renewal pricing,32,422,0.646,0.219,0.684,25.9,35,0.864
2026-03-15,OPP-002,Public market intelligence,27,113,0.52,0.281,0.758,35.6,31,0.859
2026-03-15,OPP-003,Amenities and specials,51,152,0.649,0.225,0.709,21.8,35,0.89
2026-03-15,OPP-004,Amenities and specials,63,168,0.573,0.169,0.88,25.9,37,0.922
2026-03-15,OPP-005,Reporting,56,264,0.589,0.313,0.55,18.1,37,0.962
2026-03-15,OPP-006,Implementation readiness,65,137,0.479,0.061,0.497,28.9,15,0.874
2026-03-15,OPP-007,Security and privacy,49,487,0.368,0.24,0.494,11.0,12,0.874
2026-03-15,OPP-008,AI insights,34,438,0.604,0.204,0.628,18.6,26,0.917
2026-03-16,OPP-001,Lease and renewal pricing,39,362,0.649,0.134,0.344,17.5,10,0.968
2026-03-16,OPP-002,Public market intelligence,22,445,0.595,0.163,0.572,28.9,6,0.933
2026-03-16,OPP-003,Amenities and specials,49,303,0.58,0.203,0.521,23.4,33,0.883
2026-03-16,OPP-004,Amenities and specials,34,404,0.491,0.22,0.549,29.8,8,0.886
2026-03-16,OPP-005,Reporting,42,249,0.621,0.206,0.401,25.7,25,0.878
2026-03-16,OPP-006,Implementation readiness,18,117,0.548,0.25,0.708,22.9,29,0.914
2026-03-16,OPP-007,Security and privacy,22,108,0.485,0.231,0.503,9.0,6,0.956
2026-03-16,OPP-008,AI insights,45,171,0.565,0.06,0.454,23.0,38,0.918
2026-03-17,OPP-001,Lease and renewal pricing,25,402,0.609,0.288,0.742,21.9,15,0.844
2026-03-17,OPP-002,Public market intelligence,68,414,0.611,0.226,0.534,46.1,26,0.93
2026-03-17,OPP-003,Amenities and specials,59,391,0.503,0.134,0.3,13.7,17,0.875
2026-03-17,OPP-004,Amenities and specials,34,505,0.534,0.235,0.542,27.1,20,0.923
2026-03-17,OPP-005,Reporting,56,391,0.464,0.113,0.501,23.1,38,0.829
2026-03-17,OPP-006,Implementation readiness,31,396,0.551,0.14,0.574,30.4,14,0.943
2026-03-17,OPP-007,Security and privacy,48,153,0.577,0.204,0.644,21.2,22,0.865
2026-03-17,OPP-008,AI insights,62,390,0.488,0.253,0.472,30.4,9,0.924
2026-03-18,OPP-001,Lease and renewal pricing,60,90,0.544,0.124,0.534,18.5,30,0.968
2026-03-18,OPP-002,Public market intelligence,20,303,0.698,0.236,0.475,22.2,9,0.887
2026-03-18,OPP-003,Amenities and specials,25,284,0.573,0.245,0.538,22.2,15,0.841
2026-03-18,OPP-004,Amenities and specials,28,169,0.409,0.195,0.546,15.6,31,0.795
2026-03-18,OPP-005,Reporting,41,301,0.58,0.293,0.44,12.6,9,0.971
2026-03-18,OPP-006,Implementation readiness,51,501,0.465,0.231,0.462,6.5,18,0.879
2026-03-18,OPP-007,Security and privacy,46,181,0.601,0.128,0.486,29.4,29,0.858
2026-03-18,OPP-008,AI insights,23,191,0.593,0.111,0.519,17.9,14,0.933
2026-03-19,OPP-001,Lease and renewal pricing,37,202,0.641,0.178,0.667,15.1,5,0.891
2026-03-19,OPP-002,Public market intelligence,68,437,0.559,0.139,0.542,15.7,4,0.932
2026-03-19,OPP-003,Amenities and specials,41,183,0.629,0.15,0.518,14.3,33,0.793
2026-03-19,OPP-004,Amenities and specials,37,277,0.5,0.164,0.482,22.3,24,0.99
2026-03-19,OPP-005,Reporting,38,257,0.61,0.23,0.521,18.8,38,0.922
2026-03-19,OPP-006,Implementation readiness,24,347,0.471,0.308,0.723,23.4,15,0.872
2026-03-19,OPP-007,Security and privacy,36,110,0.338,0.247,0.22,46.5,27,0.87
2026-03-19,OPP-008,AI insights,52,147,0.672,0.226,0.454,4,28,0.914
2026-03-20,OPP-001,Lease and renewal pricing,41,348,0.53,0.15,0.628,27.7,21,0.862
2026-03-20,OPP-002,Public market intelligence,52,397,0.609,0.173,0.67,17.0,10,0.841
2026-03-20,OPP-003,Amenities and specials,45,90,0.648,0.29,0.725,39.5,6,0.941
2026-03-20,OPP-004,Amenities and specials,43,260,0.472,0.314,0.544,27.7,17,0.862
2026-03-20,OPP-005,Reporting,59,408,0.649,0.339,0.391,29.0,25,0.873
2026-03-20,OPP-006,Implementation readiness,21,207,0.498,0.149,0.4,9.6,36,0.856
2026-03-20,OPP-007,Security and privacy,25,90,0.535,0.301,0.59,26.4,19,0.875
2026-03-20,OPP-008,AI insights,42,176,0.657,0.288,0.261,30.7,31,0.885
2026-03-21,OPP-001,Lease and renewal pricing,44,244,0.608,0.176,0.81,12.2,26,0.843
2026-03-21,OPP-002,Public market intelligence,30,223,0.557,0.164,0.605,26.4,12,0.907
2026-03-21,OPP-003,Amenities and specials,54,331,0.493,0.163,0.538,30.5,18,0.99
2026-03-21,OPP-004,Amenities and specials,64,227,0.452,0.24,0.69,11.7,32,0.99
2026-03-21,OPP-005,Reporting,25,348,0.66,0.095,0.68,21.8,22,0.878
2026-03-21,OPP-006,Implementation readiness,21,453,0.602,0.211,0.83,15.6,25,0.99
2026-03-21,OPP-007,Security and privacy,61,519,0.507,0.219,0.607,30.0,38,0.902
2026-03-21,OPP-008,AI insights,46,180,0.722,0.259,0.559,14.0,12,0.953
2026-03-22,OPP-001,Lease and renewal pricing,63,216,0.575,0.193,0.565,17.9,9,0.944
2026-03-22,OPP-002,Public market intelligence,18,507,0.624,0.265,0.716,29.2,6,0.859
2026-03-22,OPP-003,Amenities and specials,40,262,0.685,0.178,0.594,34.4,34,0.87
2026-03-22,OPP-004,Amenities and specials,41,326,0.481,0.268,0.435,29.0,7,0.929
2026-03-22,OPP-005,Reporting,33,130,0.51,0.218,0.737,19.0,34,0.834
2026-03-22,OPP-006,Implementation readiness,56,325,0.489,0.132,0.821,40.9,36,0.917
2026-03-22,OPP-007,Security and privacy,40,266,0.397,0.25,0.663,22.4,31,0.912
2026-03-22,OPP-008,AI insights,34,314,0.673,0.219,0.602,25.1,36,0.867
2026-03-23,OPP-001,Lease and renewal pricing,26,502,0.613,0.168,0.486,24.5,9,0.921
2026-03-23,OPP-002,Public market intelligence,59,267,0.679,0.145,0.626,22.9,12,0.893
2026-03-23,OPP-003,Amenities and specials,29,291,0.615,0.224,0.413,31.4,4,0.936
2026-03-23,OPP-004,Amenities and specials,59,403,0.471,0.26,0.692,34.3,10,0.884
2026-03-23,OPP-005,Reporting,18,235,0.582,0.134,0.542,15.8,38,0.904
2026-03-23,OPP-006,Implementation readiness,38,196,0.495,0.237,0.54,22.0,22,0.886
2026-03-23,OPP-007,Security and privacy,49,193,0.502,0.259,0.565,27.3,12,0.988
2026-03-23,OPP-008,AI insights,23,497,0.565,0.187,0.431,11.7,34,0.878
2026-03-24,OPP-001,Lease and renewal pricing,34,174,0.688,0.197,0.607,8.7,26,0.916
2026-03-24,OPP-002,Public market intelligence,61,249,0.572,0.275,0.657,28.8,11,0.96
2026-03-24,OPP-003,Amenities and specials,27,125,0.61,0.135,0.62,32.3,31,0.804
2026-03-24,OPP-004,Amenities and specials,64,416,0.566,0.266,0.5,27.5,12,0.852
2026-03-24,OPP-005,Reporting,28,342,0.69,0.118,0.544,23.4,31,0.815
2026-03-24,OPP-006,Implementation readiness,44,500,0.529,0.251,0.646,17.7,9,0.843
2026-03-24,OPP-007,Security and privacy,26,349,0.47,0.212,0.622,21.8,15,0.9
2026-03-24,OPP-008,AI insights,42,266,0.507,0.169,0.585,23.5,28,0.923
2026-03-25,OPP-001,Lease and renewal pricing,40,91,0.67,0.129,0.53,13.8,16,0.914
2026-03-25,OPP-002,Public market intelligence,63,217,0.539,0.323,0.628,20.2,16,0.885
2026-03-25,OPP-003,Amenities and specials,27,506,0.553,0.165,0.616,24.2,28,0.804
2026-03-25,OPP-004,Amenities and specials,52,235,0.663,0.327,0.554,28.8,8,0.99
2026-03-25,OPP-005,Reporting,51,400,0.593,0.15,0.504,8.8,6,0.859
2026-03-25,OPP-006,Implementation readiness,18,454,0.609,0.239,0.512,22.4,10,0.941
2026-03-25,OPP-007,Security and privacy,38,439,0.439,0.19,0.477,40.0,26,0.839
2026-03-25,OPP-008,AI insights,55,383,0.531,0.261,0.479,10.6,36,0.886
2026-03-26,OPP-001,Lease and renewal pricing,55,309,0.623,0.158,0.702,24.3,6,0.947
2026-03-26,OPP-002,Public market intelligence,65,490,0.637,0.289,0.827,22.0,37,0.798
2026-03-26,OPP-003,Amenities and specials,21,93,0.651,0.222,0.355,27.0,14,0.9
2026-03-26,OPP-004,Amenities and specials,47,278,0.637,0.319,0.488,10.1,9,0.944
2026-03-26,OPP-005,Reporting,34,407,0.514,0.199,0.616,30.0,24,0.929
2026-03-26,OPP-006,Implementation readiness,36,449,0.506,0.211,0.53,30.7,22,0.962
2026-03-26,OPP-007,Security and privacy,47,206,0.489,0.216,0.548,30.2,17,0.963
2026-03-26,OPP-008,AI insights,30,409,0.608,0.142,0.573,20.4,12,0.99
2026-03-27,OPP-001,Lease and renewal pricing,45,503,0.608,0.215,0.514,24.3,11,0.944
2026-03-27,OPP-002,Public market intelligence,47,141,0.546,0.273,0.743,32.4,29,0.965
2026-03-27,OPP-003,Amenities and specials,35,454,0.697,0.132,0.522,43.3,19,0.99
2026-03-27,OPP-004,Amenities and specials,63,363,0.511,0.21,0.326,24.8,20,0.99
2026-03-27,OPP-005,Reporting,45,492,0.566,0.325,0.459,12.5,15,0.941
2026-03-27,OPP-006,Implementation readiness,28,136,0.603,0.196,0.623,10.3,29,0.91
2026-03-27,OPP-007,Security and privacy,51,402,0.549,0.175,0.715,24.5,10,0.937
2026-03-27,OPP-008,AI insights,45,108,0.635,0.134,0.714,37.4,19,0.883
2026-03-28,OPP-001,Lease and renewal pricing,46,427,0.753,0.159,0.744,47.3,27,0.842
2026-03-28,OPP-002,Public market intelligence,23,349,0.547,0.198,0.7,9.6,36,0.944
2026-03-28,OPP-003,Amenities and specials,47,199,0.661,0.164,0.588,18.4,6,0.927
2026-03-28,OPP-004,Amenities and specials,67,158,0.526,0.261,0.319,19.2,31,0.874
2026-03-28,OPP-005,Reporting,37,493,0.557,0.208,0.536,16.6,11,0.837
2026-03-28,OPP-006,Implementation readiness,52,286,0.606,0.205,0.616,19.3,13,0.99
2026-03-28,OPP-007,Security and privacy,67,123,0.453,0.162,0.435,10.2,4,0.99
2026-03-28,OPP-008,AI insights,25,134,0.557,0.247,0.823,24.6,14,0.95
2026-03-29,OPP-001,Lease and renewal pricing,39,228,0.708,0.214,0.685,18.6,20,0.893
2026-03-29,OPP-002,Public market intelligence,67,417,0.473,0.282,0.624,19.3,5,0.887
2026-03-29,OPP-003,Amenities and specials,55,91,0.586,0.14,0.686,15.2,9,0.842
2026-03-29,OPP-004,Amenities and specials,34,464,0.531,0.301,0.387,18.3,17,0.942
2026-03-29,OPP-005,Reporting,22,357,0.595,0.119,0.747,9.0,16,0.965
2026-03-29,OPP-006,Implementation readiness,23,371,0.48,0.31,0.651,18.4,10,0.907
2026-03-29,OPP-007,Security and privacy,23,262,0.567,0.15,0.51,20.2,31,0.847
2026-03-29,OPP-008,AI insights,63,397,0.486,0.219,0.88,30.3,10,0.934
2026-03-30,OPP-001,Lease and renewal pricing,27,498,0.784,0.203,0.553,34.5,34,0.879
2026-03-30,OPP-002,Public market intelligence,43,476,0.606,0.184,0.612,20.2,26,0.79
2026-03-30,OPP-003,Amenities and specials,32,431,0.678,0.187,0.66,34.5,10,0.99
2026-03-30,OPP-004,Amenities and specials,49,156,0.608,0.2,0.428,22.0,28,0.93
2026-03-30,OPP-005,Reporting,46,506,0.532,0.25,0.28,27.5,18,0.909
2026-03-30,OPP-006,Implementation readiness,58,428,0.532,0.216,0.548,11.1,30,0.97
2026-03-30,OPP-007,Security and privacy,60,295,0.493,0.28,0.533,31.3,30,0.851
2026-03-30,OPP-008,AI insights,28,291,0.613,0.163,0.506,15.2,38,0.898
2026-03-31,OPP-001,Lease and renewal pricing,28,384,0.605,0.184,0.347,26.2,18,0.867
2026-03-31,OPP-002,Public market intelligence,54,182,0.483,0.17,0.556,9.9,19,0.886
2026-03-31,OPP-003,Amenities and specials,35,401,0.632,0.212,0.711,22.2,19,0.907
2026-03-31,OPP-004,Amenities and specials,44,134,0.606,0.273,0.425,26.0,17,0.898
2026-03-31,OPP-005,Reporting,26,428,0.624,0.204,0.715,18.3,26,0.843
2026-03-31,OPP-006,Implementation readiness,20,123,0.592,0.253,0.633,28.7,29,0.81
2026-03-31,OPP-007,Security and privacy,28,242,0.494,0.228,0.583,30.1,15,0.926
2026-03-31,OPP-008,AI insights,45,361,0.572,0.181,0.427,29.3,20,0.819
2026-04-01,OPP-001,Lease and renewal pricing,38,223,0.543,0.201,0.68,26.7,28,0.924
2026-04-01,OPP-002,Public market intelligence,52,495,0.636,0.19,0.675,17.7,6,0.925
2026-04-01,OPP-003,Amenities and specials,32,260,0.675,0.212,0.838,18.3,4,0.798
2026-04-01,OPP-004,Amenities and specials,61,219,0.491,0.255,0.453,20.9,22,0.945
2026-04-01,OPP-005,Reporting,61,264,0.486,0.181,0.319,22.3,26,0.844
2026-04-01,OPP-006,Implementation readiness,24,399,0.556,0.193,0.411,28.6,34,0.969
2026-04-01,OPP-007,Security and privacy,55,362,0.52,0.226,0.574,18.3,7,0.978
2026-04-01,OPP-008,AI insights,65,215,0.687,0.153,0.648,15.8,30,0.827
2026-04-02,OPP-001,Lease and renewal pricing,38,333,0.631,0.225,0.424,24.1,12,0.961
2026-04-02,OPP-002,Public market intelligence,29,265,0.532,0.256,0.632,19.0,13,0.906
2026-04-02,OPP-003,Amenities and specials,60,459,0.466,0.279,0.518,39.8,20,0.912
2026-04-02,OPP-004,Amenities and specials,52,478,0.452,0.211,0.577,19.5,5,0.896
2026-04-02,OPP-005,Reporting,24,504,0.598,0.151,0.607,17.8,33,0.935
2026-04-02,OPP-006,Implementation readiness,57,203,0.556,0.329,0.354,33.1,8,0.868
2026-04-02,OPP-007,Security and privacy,47,123,0.571,0.252,0.552,17.6,37,0.821
2026-04-02,OPP-008,AI insights,20,188,0.637,0.178,0.409,15.5,35,0.956
2026-04-03,OPP-001,Lease and renewal pricing,53,167,0.601,0.208,0.619,5.3,26,0.901
2026-04-03,OPP-002,Public market intelligence,59,166,0.599,0.149,0.598,9.8,15,0.937
2026-04-03,OPP-003,Amenities and specials,61,243,0.705,0.233,0.77,13.8,28,0.99
2026-04-03,OPP-004,Amenities and specials,36,353,0.479,0.199,0.68,16.4,8,0.821
2026-04-03,OPP-005,Reporting,20,215,0.618,0.24,0.312,36.9,17,0.913
2026-04-03,OPP-006,Implementation readiness,67,472,0.553,0.125,0.308,25.7,21,0.99
2026-04-03,OPP-007,Security and privacy,19,319,0.519,0.257,0.561,14.0,14,0.954
2026-04-03,OPP-008,AI insights,61,336,0.603,0.179,0.488,45.2,12,0.949
2026-04-04,OPP-001,Lease and renewal pricing,52,405,0.515,0.165,0.754,10.3,34,0.952
2026-04-04,OPP-002,Public market intelligence,67,482,0.591,0.202,0.471,28.8,17,0.889
2026-04-04,OPP-003,Amenities and specials,61,291,0.606,0.277,0.621,34.5,17,0.949
2026-04-04,OPP-004,Amenities and specials,35,188,0.541,0.346,0.651,24.8,23,0.889
2026-04-04,OPP-005,Reporting,35,240,0.449,0.174,0.399,17.8,23,0.99
2026-04-04,OPP-006,Implementation readiness,53,373,0.623,0.239,0.712,28.6,17,0.885
2026-04-04,OPP-007,Security and privacy,22,454,0.5,0.208,0.494,13.3,24,0.949
2026-04-04,OPP-008,AI insights,25,478,0.589,0.154,0.372,24.8,18,0.908
2026-04-05,OPP-001,Lease and renewal pricing,27,370,0.675,0.19,0.448,28.0,28,0.937
2026-04-05,OPP-002,Public market intelligence,59,450,0.58,0.185,0.628,11.1,37,0.905
2026-04-05,OPP-003,Amenities and specials,68,132,0.521,0.162,0.353,24.2,13,0.939
2026-04-05,OPP-004,Amenities and specials,30,520,0.514,0.25,0.549,29.5,37,0.929
2026-04-05,OPP-005,Reporting,55,162,0.511,0.207,0.787,16.5,10,0.848
2026-04-05,OPP-006,Implementation readiness,64,237,0.583,0.312,0.445,19.5,31,0.91
2026-04-05,OPP-007,Security and privacy,32,297,0.466,0.263,0.431,21.2,25,0.969
2026-04-05,OPP-008,AI insights,52,228,0.49,0.156,0.516,35.2,38,0.841
2026-04-06,OPP-001,Lease and renewal pricing,37,395,0.671,0.122,0.491,39.5,35,0.99
2026-04-06,OPP-002,Public market intelligence,67,279,0.633,0.215,0.425,14.9,28,0.909
2026-04-06,OPP-003,Amenities and specials,63,185,0.654,0.252,0.56,21.1,18,0.923
2026-04-06,OPP-004,Amenities and specials,41,241,0.659,0.259,0.458,12.1,15,0.877
2026-04-06,OPP-005,Reporting,53,249,0.487,0.232,0.457,27.2,24,0.949
2026-04-06,OPP-006,Implementation readiness,54,239,0.608,0.181,0.566,25.5,17,0.99
2026-04-06,OPP-007,Security and privacy,59,242,0.587,0.172,0.679,36.2,12,0.828
2026-04-06,OPP-008,AI insights,56,123,0.543,0.272,0.642,29.6,18,0.952
2026-04-07,OPP-001,Lease and renewal pricing,43,291,0.59,0.259,0.782,36.4,24,0.99
2026-04-07,OPP-002,Public market intelligence,41,479,0.559,0.17,0.501,16.2,6,0.905
2026-04-07,OPP-003,Amenities and specials,52,201,0.585,0.175,0.61,21.3,13,0.903
2026-04-07,OPP-004,Amenities and specials,46,275,0.597,0.227,0.586,9.5,25,0.897
2026-04-07,OPP-005,Reporting,43,387,0.653,0.177,0.637,36.1,23,0.86
2026-04-07,OPP-006,Implementation readiness,36,316,0.552,0.131,0.579,42.2,12,0.907
2026-04-07,OPP-007,Security and privacy,23,117,0.511,0.277,0.693,21.1,7,0.987
2026-04-07,OPP-008,AI insights,62,309,0.467,0.138,0.44,21.8,25,0.927
2026-04-08,OPP-001,Lease and renewal pricing,28,425,0.58,0.205,0.415,26.2,8,0.968
2026-04-08,OPP-002,Public market intelligence,22,181,0.504,0.102,0.515,4,4,0.887
2026-04-08,OPP-003,Amenities and specials,45,515,0.716,0.129,0.525,23.6,11,0.863
2026-04-08,OPP-004,Amenities and specials,24,150,0.647,0.233,0.79,30.5,26,0.894
2026-04-08,OPP-005,Reporting,47,166,0.488,0.189,0.793,20.3,29,0.941
2026-04-08,OPP-006,Implementation readiness,20,172,0.576,0.211,0.532,23.8,31,0.966
2026-04-08,OPP-007,Security and privacy,56,345,0.565,0.207,0.472,22.1,30,0.87
2026-04-08,OPP-008,AI insights,28,483,0.597,0.166,0.559,17.5,10,0.916
2026-04-09,OPP-001,Lease and renewal pricing,19,110,0.544,0.101,0.641,27.6,14,0.853
2026-04-09,OPP-002,Public market intelligence,52,393,0.663,0.322,0.605,21.8,35,0.92
2026-04-09,OPP-003,Amenities and specials,39,317,0.604,0.091,0.505,28.6,21,0.884
2026-04-09,OPP-004,Amenities and specials,37,366,0.592,0.262,0.43,4,13,0.864
2026-04-09,OPP-005,Reporting,50,308,0.572,0.263,0.652,10.2,35,0.874
2026-04-09,OPP-006,Implementation readiness,67,379,0.581,0.28,0.61,44.8,36,0.924
2026-04-09,OPP-007,Security and privacy,66,187,0.494,0.262,0.526,29.0,38,0.844
2026-04-09,OPP-008,AI insights,22,119,0.694,0.245,0.338,53.6,36,0.99
2026-04-10,OPP-001,Lease and renewal pricing,41,294,0.635,0.123,0.451,32.7,15,0.935
2026-04-10,OPP-002,Public market intelligence,20,442,0.564,0.144,0.377,33.5,17,0.99
2026-04-10,OPP-003,Amenities and specials,53,448,0.689,0.255,0.419,34.5,17,0.966
2026-04-10,OPP-004,Amenities and specials,64,518,0.413,0.232,0.396,27.3,32,0.872
2026-04-10,OPP-005,Reporting,45,122,0.598,0.252,0.754,11.1,30,0.902
2026-04-10,OPP-006,Implementation readiness,66,263,0.411,0.193,0.602,11.7,17,0.871
2026-04-10,OPP-007,Security and privacy,64,349,0.453,0.242,0.597,24.0,25,0.882
2026-04-10,OPP-008,AI insights,21,337,0.548,0.206,0.53,17.4,20,0.926
2026-04-11,OPP-001,Lease and renewal pricing,23,298,0.576,0.279,0.563,33.9,17,0.872
2026-04-11,OPP-002,Public market intelligence,36,204,0.6,0.187,0.467,30.5,30,0.897
2026-04-11,OPP-003,Amenities and specials,28,343,0.567,0.237,0.548,18.5,37,0.873
2026-04-11,OPP-004,Amenities and specials,18,388,0.454,0.222,0.547,16.1,8,0.957
2026-04-11,OPP-005,Reporting,32,252,0.552,0.279,0.385,13.4,31,0.857
2026-04-11,OPP-006,Implementation readiness,19,404,0.495,0.3,0.514,27.0,29,0.928
2026-04-11,OPP-007,Security and privacy,63,399,0.502,0.312,0.637,28.2,15,0.865
2026-04-11,OPP-008,AI insights,54,489,0.588,0.22,0.684,21.5,38,0.99
2026-04-12,OPP-001,Lease and renewal pricing,68,337,0.599,0.254,0.598,20.3,16,0.846
2026-04-12,OPP-002,Public market intelligence,60,332,0.56,0.217,0.586,10.8,4,0.928
2026-04-12,OPP-003,Amenities and specials,54,497,0.619,0.154,0.735,14.2,28,0.951
2026-04-12,OPP-004,Amenities and specials,37,283,0.426,0.229,0.372,12.7,20,0.878
2026-04-12,OPP-005,Reporting,32,243,0.549,0.211,0.671,34.2,31,0.865
2026-04-12,OPP-006,Implementation readiness,44,361,0.634,0.194,0.726,23.0,36,0.887
2026-04-12,OPP-007,Security and privacy,25,388,0.491,0.32,0.352,18.7,27,0.867
2026-04-12,OPP-008,AI insights,33,256,0.675,0.221,0.425,33.3,26,0.924
2026-04-13,OPP-001,Lease and renewal pricing,28,167,0.797,0.127,0.57,22.7,30,0.958
2026-04-13,OPP-002,Public market intelligence,61,103,0.589,0.18,0.347,16.6,22,0.99
2026-04-13,OPP-003,Amenities and specials,28,196,0.637,0.06,0.679,30.0,32,0.93
2026-04-13,OPP-004,Amenities and specials,32,514,0.445,0.219,0.453,16.5,15,0.895
2026-04-13,OPP-005,Reporting,33,251,0.615,0.287,0.68,24.2,14,0.933
2026-04-13,OPP-006,Implementation readiness,60,136,0.534,0.124,0.609,15.1,29,0.939
2026-04-13,OPP-007,Security and privacy,56,367,0.593,0.267,0.473,23.0,5,0.897
2026-04-13,OPP-008,AI insights,61,176,0.549,0.235,0.505,13.3,4,0.934
2026-04-14,OPP-001,Lease and renewal pricing,21,461,0.575,0.137,0.357,13.3,22,0.872
2026-04-14,OPP-002,Public market intelligence,67,119,0.687,0.161,0.484,17.9,6,0.877
2026-04-14,OPP-003,Amenities and specials,62,469,0.638,0.135,0.642,39.1,25,0.899
2026-04-14,OPP-004,Amenities and specials,61,240,0.442,0.255,0.589,28.6,21,0.874
2026-04-14,OPP-005,Reporting,35,256,0.556,0.252,0.395,24.2,5,0.961
2026-04-14,OPP-006,Implementation readiness,34,382,0.522,0.225,0.479,37.6,20,0.969
2026-04-14,OPP-007,Security and privacy,21,222,0.556,0.16,0.578,37.1,7,0.915
2026-04-14,OPP-008,AI insights,65,501,0.629,0.202,0.464,39.0,8,0.854
2026-04-15,OPP-001,Lease and renewal pricing,31,473,0.558,0.197,0.673,26.9,5,0.934
2026-04-15,OPP-002,Public market intelligence,62,441,0.567,0.276,0.83,34.5,23,0.973
2026-04-15,OPP-003,Amenities and specials,35,177,0.543,0.212,0.445,27.2,5,0.979
2026-04-15,OPP-004,Amenities and specials,22,221,0.519,0.303,0.687,35.7,26,0.881
2026-04-15,OPP-005,Reporting,64,381,0.52,0.189,0.423,28.5,19,0.932
2026-04-15,OPP-006,Implementation readiness,66,293,0.715,0.222,0.54,26.7,22,0.873
2026-04-15,OPP-007,Security and privacy,30,406,0.485,0.175,0.466,35.5,28,0.952
2026-04-15,OPP-008,AI insights,51,242,0.683,0.192,0.259,29.7,32,0.963
2026-04-16,OPP-001,Lease and renewal pricing,46,452,0.664,0.195,0.411,36.2,35,0.832
2026-04-16,OPP-002,Public market intelligence,26,498,0.53,0.147,0.485,25.8,36,0.854
2026-04-16,OPP-003,Amenities and specials,44,389,0.683,0.101,0.629,15.3,29,0.944
2026-04-16,OPP-004,Amenities and specials,47,464,0.512,0.199,0.516,26.3,7,0.962
2026-04-16,OPP-005,Reporting,59,469,0.606,0.185,0.415,17.1,23,0.899
2026-04-16,OPP-006,Implementation readiness,60,430,0.556,0.251,0.71,18.9,4,0.847
2026-04-16,OPP-007,Security and privacy,29,378,0.578,0.257,0.631,14.7,16,0.944
2026-04-16,OPP-008,AI insights,32,430,0.62,0.165,0.481,22.2,7,0.966
2026-04-17,OPP-001,Lease and renewal pricing,51,341,0.545,0.187,0.41,27.2,24,0.866
2026-04-17,OPP-002,Public market intelligence,47,242,0.557,0.195,0.605,10.7,16,0.951
2026-04-17,OPP-003,Amenities and specials,41,423,0.532,0.133,0.598,4,18,0.819
2026-04-17,OPP-004,Amenities and specials,34,352,0.532,0.071,0.46,29.1,34,0.99
2026-04-17,OPP-005,Reporting,29,209,0.572,0.26,0.484,11.7,38,0.819
2026-04-17,OPP-006,Implementation readiness,23,375,0.447,0.359,0.299,36.7,12,0.914
2026-04-17,OPP-007,Security and privacy,51,502,0.462,0.3,0.654,18.6,4,0.987
2026-04-17,OPP-008,AI insights,63,122,0.544,0.133,0.465,14.0,13,0.864
2026-04-18,OPP-001,Lease and renewal pricing,45,194,0.596,0.116,0.602,30.0,9,0.932
2026-04-18,OPP-002,Public market intelligence,27,292,0.65,0.244,0.397,29.2,25,0.907
2026-04-18,OPP-003,Amenities and specials,61,462,0.6,0.344,0.752,18.4,28,0.866
2026-04-18,OPP-004,Amenities and specials,67,265,0.5,0.233,0.577,24.0,9,0.836
2026-04-18,OPP-005,Reporting,42,91,0.591,0.271,0.436,30.8,16,0.821
2026-04-18,OPP-006,Implementation readiness,26,293,0.492,0.241,0.315,22.5,7,0.878
2026-04-18,OPP-007,Security and privacy,31,247,0.6,0.188,0.685,14.2,35,0.858
2026-04-18,OPP-008,AI insights,49,442,0.433,0.275,0.63,21.7,36,0.829
2026-04-19,OPP-001,Lease and renewal pricing,40,442,0.595,0.178,0.34,32.4,22,0.964
2026-04-19,OPP-002,Public market intelligence,60,481,0.542,0.209,0.529,10.3,11,0.877
2026-04-19,OPP-003,Amenities and specials,39,289,0.487,0.207,0.575,18.3,22,0.842
2026-04-19,OPP-004,Amenities and specials,63,363,0.581,0.246,0.47,33.2,23,0.97
2026-04-19,OPP-005,Reporting,54,490,0.531,0.127,0.657,40.2,24,0.895
2026-04-19,OPP-006,Implementation readiness,51,244,0.538,0.174,0.523,25.2,37,0.989
2026-04-19,OPP-007,Security and privacy,30,90,0.683,0.236,0.626,27.1,37,0.99
2026-04-19,OPP-008,AI insights,23,479,0.592,0.214,0.429,25.3,25,0.908
2026-04-20,OPP-001,Lease and renewal pricing,24,290,0.568,0.205,0.305,26.9,38,0.935
2026-04-20,OPP-002,Public market intelligence,54,425,0.589,0.242,0.653,12.2,10,0.875
2026-04-20,OPP-003,Amenities and specials,51,371,0.567,0.224,0.88,30.8,32,0.882
2026-04-20,OPP-004,Amenities and specials,34,504,0.464,0.177,0.638,35.3,37,0.987
2026-04-20,OPP-005,Reporting,65,249,0.636,0.166,0.784,17.2,27,0.791
2026-04-20,OPP-006,Implementation readiness,67,479,0.625,0.249,0.46,4,28,0.947
2026-04-20,OPP-007,Security and privacy,30,232,0.494,0.163,0.56,17.7,18,0.921
2026-04-20,OPP-008,AI insights,18,385,0.514,0.269,0.524,19.7,6,0.867
2026-04-21,OPP-001,Lease and renewal pricing,51,502,0.663,0.203,0.542,22.5,20,0.881
2026-04-21,OPP-002,Public market intelligence,68,291,0.567,0.201,0.65,11.3,37,0.919
2026-04-21,OPP-003,Amenities and specials,55,349,0.611,0.175,0.701,7.3,32,0.896
2026-04-21,OPP-004,Amenities and specials,65,413,0.492,0.153,0.526,30.8,38,0.896
2026-04-21,OPP-005,Reporting,61,355,0.63,0.19,0.557,26.8,28,0.919
2026-04-21,OPP-006,Implementation readiness,60,288,0.48,0.241,0.536,23.4,32,0.932
2026-04-21,OPP-007,Security and privacy,26,112,0.477,0.246,0.553,22.5,20,0.933
2026-04-21,OPP-008,AI insights,60,95,0.655,0.249,0.508,27.2,29,0.917
2026-04-22,OPP-001,Lease and renewal pricing,28,413,0.707,0.283,0.647,17.1,25,0.902
2026-04-22,OPP-002,Public market intelligence,21,319,0.617,0.287,0.644,19.7,25,0.895
2026-04-22,OPP-003,Amenities and specials,67,262,0.715,0.197,0.675,16.8,20,0.86
2026-04-22,OPP-004,Amenities and specials,33,105,0.487,0.222,0.518,33.0,27,0.938
2026-04-22,OPP-005,Reporting,42,493,0.554,0.235,0.456,36.9,16,0.933
2026-04-22,OPP-006,Implementation readiness,57,520,0.64,0.157,0.628,18.2,13,0.974
2026-04-22,OPP-007,Security and privacy,60,290,0.531,0.194,0.666,8.3,38,0.819
2026-04-22,OPP-008,AI insights,67,476,0.649,0.12,0.547,15.1,33,0.88
2026-04-23,OPP-001,Lease and renewal pricing,55,164,0.578,0.158,0.654,24.6,31,0.92
2026-04-23,OPP-002,Public market intelligence,43,287,0.526,0.26,0.547,52.3,7,0.861
2026-04-23,OPP-003,Amenities and specials,22,267,0.645,0.197,0.706,14.4,38,0.838
2026-04-23,OPP-004,Amenities and specials,52,259,0.396,0.209,0.418,9.8,27,0.908
2026-04-23,OPP-005,Reporting,67,332,0.51,0.244,0.721,12.4,29,0.867
2026-04-23,OPP-006,Implementation readiness,27,152,0.447,0.214,0.651,33.9,24,0.974
2026-04-23,OPP-007,Security and privacy,64,150,0.505,0.139,0.635,27.6,30,0.868
2026-04-23,OPP-008,AI insights,26,393,0.761,0.192,0.679,14.5,15,0.927
2026-04-24,OPP-001,Lease and renewal pricing,24,90,0.543,0.154,0.396,16.3,34,0.939
2026-04-24,OPP-002,Public market intelligence,46,249,0.644,0.239,0.575,27.3,6,0.844
2026-04-24,OPP-003,Amenities and specials,20,341,0.642,0.248,0.556,28.9,9,0.99
2026-04-24,OPP-004,Amenities and specials,56,157,0.583,0.184,0.406,25.6,19,0.888
2026-04-24,OPP-005,Reporting,60,104,0.554,0.245,0.62,33.3,31,0.871
2026-04-24,OPP-006,Implementation readiness,24,294,0.576,0.352,0.511,27.4,36,0.893
2026-04-24,OPP-007,Security and privacy,53,372,0.451,0.24,0.584,16.5,22,0.889
2026-04-24,OPP-008,AI insights,58,229,0.58,0.26,0.594,49.7,38,0.858
2026-04-25,OPP-001,Lease and renewal pricing,44,312,0.718,0.113,0.682,18.3,7,0.936
2026-04-25,OPP-002,Public market intelligence,56,357,0.646,0.236,0.419,20.2,10,0.931
2026-04-25,OPP-003,Amenities and specials,45,106,0.622,0.194,0.591,38.8,28,0.854
2026-04-25,OPP-004,Amenities and specials,21,363,0.629,0.189,0.718,19.5,6,0.848
2026-04-25,OPP-005,Reporting,48,188,0.677,0.237,0.47,26.1,34,0.99
2026-04-25,OPP-006,Implementation readiness,26,473,0.58,0.22,0.611,28.8,13,0.786
2026-04-25,OPP-007,Security and privacy,57,383,0.391,0.306,0.331,17.7,36,0.895
2026-04-25,OPP-008,AI insights,38,485,0.65,0.276,0.402,10.3,28,0.92
2026-04-26,OPP-001,Lease and renewal pricing,49,201,0.643,0.17,0.491,28.4,10,0.96
2026-04-26,OPP-002,Public market intelligence,65,96,0.643,0.184,0.425,41.3,30,0.863
2026-04-26,OPP-003,Amenities and specials,25,303,0.526,0.301,0.717,24.7,31,0.875
2026-04-26,OPP-004,Amenities and specials,27,371,0.572,0.238,0.54,27.7,7,0.927
2026-04-26,OPP-005,Reporting,23,477,0.557,0.172,0.389,23.3,36,0.912
2026-04-26,OPP-006,Implementation readiness,20,120,0.498,0.198,0.488,24.6,29,0.99
2026-04-26,OPP-007,Security and privacy,35,219,0.552,0.16,0.656,38.8,25,0.912
2026-04-26,OPP-008,AI insights,43,341,0.58,0.132,0.344,26.5,32,0.808
2026-04-27,OPP-001,Lease and renewal pricing,32,218,0.627,0.1,0.778,28.9,33,0.97
2026-04-27,OPP-002,Public market intelligence,54,352,0.653,0.233,0.586,25.1,36,0.968
2026-04-27,OPP-003,Amenities and specials,27,128,0.523,0.235,0.604,24.0,10,0.849
2026-04-27,OPP-004,Amenities and specials,33,222,0.555,0.263,0.78,28.0,11,0.99
2026-04-27,OPP-005,Reporting,30,237,0.438,0.198,0.603,23.3,20,0.878
2026-04-27,OPP-006,Implementation readiness,49,276,0.486,0.157,0.563,35.5,37,0.922
2026-04-27,OPP-007,Security and privacy,60,389,0.628,0.339,0.673,19.4,37,0.811
2026-04-27,OPP-008,AI insights,29,435,0.628,0.176,0.399,15.1,24,0.987
2026-04-28,OPP-001,Lease and renewal pricing,52,393,0.668,0.164,0.567,7.5,7,0.883
2026-04-28,OPP-002,Public market intelligence,58,308,0.556,0.182,0.585,29.6,6,0.857
2026-04-28,OPP-003,Amenities and specials,34,501,0.631,0.188,0.633,22.9,18,0.967
2026-04-28,OPP-004,Amenities and specials,31,449,0.482,0.165,0.659,18.7,22,0.88
2026-04-28,OPP-005,Reporting,23,205,0.734,0.253,0.578,25.6,32,0.905
2026-04-28,OPP-006,Implementation readiness,52,357,0.594,0.141,0.556,13.0,34,0.95
2026-04-28,OPP-007,Security and privacy,53,108,0.537,0.125,0.639,4,15,0.821
2026-04-28,OPP-008,AI insights,50,395,0.627,0.207,0.314,40.3,15,0.97
2026-04-29,OPP-001,Lease and renewal pricing,43,306,0.67,0.191,0.665,15.4,6,0.905
2026-04-29,OPP-002,Public market intelligence,23,426,0.578,0.201,0.35,44.8,25,0.855
2026-04-29,OPP-003,Amenities and specials,51,347,0.613,0.184,0.698,4,13,0.883
2026-04-29,OPP-004,Amenities and specials,21,103,0.416,0.308,0.512,25.2,37,0.861
2026-04-29,OPP-005,Reporting,62,375,0.646,0.148,0.732,35.0,12,0.95
2026-04-29,OPP-006,Implementation readiness,65,198,0.523,0.204,0.579,15.7,35,0.923
2026-04-29,OPP-007,Security and privacy,58,267,0.489,0.263,0.503,16.3,17,0.908
2026-04-29,OPP-008,AI insights,54,242,0.701,0.148,0.54,25.4,5,0.907
2026-04-30,OPP-001,Lease and renewal pricing,26,373,0.608,0.17,0.43,19.4,12,0.832
2026-04-30,OPP-002,Public market intelligence,42,503,0.544,0.229,0.815,19.3,7,0.906
2026-04-30,OPP-003,Amenities and specials,30,498,0.628,0.236,0.62,20.5,12,0.893
2026-04-30,OPP-004,Amenities and specials,42,166,0.51,0.157,0.626,16.9,12,0.858
2026-04-30,OPP-005,Reporting,49,357,0.712,0.293,0.753,17.7,30,0.976
2026-04-30,OPP-006,Implementation readiness,21,429,0.531,0.134,0.519,23.5,38,0.762
2026-04-30,OPP-007,Security and privacy,60,297,0.57,0.264,0.526,23.6,18,0.98
2026-04-30,OPP-008,AI insights,57,466,0.609,0.15,0.73,33.6,13,0.921
